query_id,corpus_id
qd4982518,dd4bb016e
qd4982518,dd4bb5506
qd4982518,dd4bbc202
qd4982518,dd4c4f7aa
qd4982518,dd4982158
qd4982518,dd4c4a2c8
qd4982518,dd4b9f7f6
qd4982518,dd4be45d6
qd4982518,dd4c0119a
qd4982518,dd4bd2250
qd49795a8,dd4befb5c
qd49795a8,dd4b9e8ce
qd49795a8,dd4979602
qd49795a8,dd4b8bf1c
qd49795a8,dd497d504
qd49795a8,dd4c4cf78
qd49795a8,dd4c42c8a
qd49795a8,dd4c3cc86
qd49795a8,dd4983698
qd49795a8,dd497d70c
qd496f724,dd4bcb2de
qd496f724,dd4c1fcb2
qd496f724,dd4bcf62c
qd496f724,dd4bb7108
qd496f724,dd4bdad7e
qd496f724,dd4c544d0
qd496f724,dd4c648e4
qd496f724,dd4bfeaee
qd496f724,dd4bd2732
qd496f724,dd4bac14a
qd496f102,dd4bde26c
qd496f102,dd4bcce18
qd496f102,dd4b985b4
qd496f102,dd4c2f676
qd496f102,dd4b90ada
qd496f102,dd4ba9d28
qd496f102,dd4972226
qd496f102,dd4b994c8
qd496f102,dd496f152
qd496f102,dd49781f8
qd496f918,dd4bbbab4
qd496f918,dd4c60bae
qd496f918,dd4ba0908
qd496f918,dd4c229ee
qd496f918,dd4baf534
qd496f918,dd496f968
qd496f918,dd498048e
qd496f918,dd4c00844
qd496f918,dd49811d6
qd496f918,dd4982f7c
qd49859fc,dd4b9fe5e
qd49859fc,dd4be9d60
qd49859fc,dd4bb0f24
qd49859fc,dd4b8ef96
qd49859fc,dd4c323bc
qd49859fc,dd4c3b2b4
qd49859fc,dd4979b84
qd49859fc,dd4c616da
qd49859fc,dd4b9d19a
qd49859fc,dd4c00ad8
qd4981d2a,dd496ed24
qd4981d2a,dd4bde4e2
qd4981d2a,dd4c657f8
qd4981d2a,dd4be5b20
qd4981d2a,dd4b905bc
qd4981d2a,dd4b957d8
qd4981d2a,dd4bbb564
qd4981d2a,dd4c20c52
qd4981d2a,dd4ba523c
qd4981d2a,dd4c2403c
qd497d4aa,dd4befb5c
qd497d4aa,dd4b9e8ce
qd497d4aa,dd4979602
qd497d4aa,dd4c3cc86
qd497d4aa,dd4c4b0a6
qd497d4aa,dd497d504
qd497d4aa,dd4c4cf78
qd497d4aa,dd4979f76
qd497d4aa,dd4bca6ea
qd497d4aa,dd496eee6
qd497e0ee,dd497e134
qd497e0ee,dd4c5f498
qd497e0ee,dd4bf6650
qd497e0ee,dd4c31dd6
qd497e0ee,dd4bd3a92
qd497e0ee,dd4c09098
qd497e0ee,dd4bb1f8c
qd497e0ee,dd4bd9d20
qd497e0ee,dd4c5141a
qd497e0ee,dd4bcce18
qd49850c4,dd497a3f4
qd49850c4,dd4c4bc68
qd49850c4,dd4c41a88
qd49850c4,dd49763da
qd49850c4,dd4b88e70
qd49850c4,dd4bc2e5e
qd49850c4,dd4bbc8f6
qd49850c4,dd497e760
qd49850c4,dd4c01ae6
qd49850c4,dd4970944
qd4982d6a,dd4bbc31a
qd4982d6a,dd4bb6a78
qd4982d6a,dd4bc7a6c
qd4982d6a,dd4b9cec0
qd4982d6a,dd4c37f2e
qd4982d6a,dd4bc15d6
qd4982d6a,dd4bcb2de
qd4982d6a,dd4b87340
qd4982d6a,dd4be9c84
qd4982d6a,dd4c19cae
qd498998a,dd4c13e26
qd498998a,dd4bf89fa
qd498998a,dd4bfefa8
qd498998a,dd4bc2f30
qd498998a,dd4b9cccc
qd498998a,dd4c1e0e2
qd498998a,dd497edaa
qd498998a,dd4bcca62
qd498998a,dd4bff430
qd498998a,dd4c37dd0
qd4977906,dd4b8ebcc
qd4977906,dd4ba3e6e
qd4977906,dd496d938
qd4977906,dd4ba91e8
qd4977906,dd4bbb564
qd4977906,dd4be0b84
qd4977906,dd4b92f10
qd4977906,dd4b87a02
qd4977906,dd4bbb17c
qd4977906,dd4b912fa
qd498a6dc,dd4c38834
qd498a6dc,dd497bae2
qd498a6dc,dd4bdf86a
qd498a6dc,dd4b9452c
qd498a6dc,dd4bdddee
qd498a6dc,dd4981082
qd498a6dc,dd4c1f924
qd498a6dc,dd4bae42c
qd498a6dc,dd4c4b81c
qd498a6dc,dd4989e76
qd498f128,dd4ba3d92
qd498f128,dd4bfabec
qd498f128,dd49780b8
qd498f128,dd4bebe26
qd498f128,dd4c04b4c
qd498f128,dd4bcef88
qd498f128,dd4bb43c2
qd498f128,dd4b8e046
qd498f128,dd498682a
qd498f128,dd4bc0bea
qd4973770,dd4bb9458
qd4973770,dd498048e
qd4973770,dd4ba0908
qd4973770,dd498d03a
qd4973770,dd4baf534
qd4973770,dd4c229ee
qd4973770,dd4c60bae
qd4973770,dd4bbbab4
qd4973770,dd496f968
qd4973770,dd4c60992
qd498d6fc,dd4b9e234
qd498d6fc,dd4bbc040
qd498d6fc,dd4b9b93a
qd498d6fc,dd4c63b10
qd498d6fc,dd497d70c
qd498d6fc,dd496fd78
qd498d6fc,dd4c0ce78
qd498d6fc,dd4c2423a
qd498d6fc,dd4bce1c8
qd498d6fc,dd4bcef88
qd496d118,dd4bfd414
qd496d118,dd496d15e
qd496d118,dd4c0ce78
qd496d118,dd4bd5eb4
qd496d118,dd4bc54e2
qd496d118,dd4b8eafa
qd496d118,dd4b996e4
qd496d118,dd4bb8fa8
qd496d118,dd497848c
qd496d118,dd4c0831e
qd496f594,dd496f5c6
qd496f594,dd4bbe2a0
qd496f594,dd4bf1cfe
qd496f594,dd4c4f7aa
qd496f594,dd4c0fb0a
qd496f594,dd4c0119a
qd496f594,dd4bbc202
qd496f594,dd4c558b2
qd496f594,dd4c4a2c8
qd496f594,dd4bbae02
qd49825e0,dd4970e26
qd49825e0,dd4c1311a
qd49825e0,dd496ce98
qd49825e0,dd4984962
qd49825e0,dd4bb04e8
qd49825e0,dd4c51988
qd49825e0,dd4c439dc
qd49825e0,dd4bccb34
qd49825e0,dd4ba3d92
qd49825e0,dd4c5699c
qd497a3b8,dd497a3f4
qd497a3b8,dd4c41a88
qd497a3b8,dd4c4bc68
qd497a3b8,dd4bbc8f6
qd497a3b8,dd49763da
qd497a3b8,dd4bc2e5e
qd497a3b8,dd4ba5d86
qd497a3b8,dd4bd25ac
qd497a3b8,dd4bd7228
qd497a3b8,dd4c1e8a8
qd497c528,dd497c582
qd497c528,dd4c5923c
qd497c528,dd4c4e0f8
qd497c528,dd4c25324
qd497c528,dd4c4b18c
qd497c528,dd4c5bdf2
qd497c528,dd4bf11a0
qd497c528,dd4c1eb78
qd497c528,dd497fd7c
qd497c528,dd4b8dd76
qd498f394,dd4c4e0f8
qd498f394,dd4bd25ac
qd498f394,dd4c46150
qd498f394,dd4b87b10
qd498f394,dd4c0fb0a
qd498f394,dd4975250
qd498f394,dd4c52d60
qd498f394,dd4be27ae
qd498f394,dd4c558b2
qd498f394,dd4bc2e5e
qd4980326,dd4c04688
qd4980326,dd4bad180
qd4980326,dd4c5923c
qd4980326,dd4c04f66
qd4980326,dd4c20842
qd4980326,dd4c2093c
qd4980326,dd4c51c44
qd4980326,dd4bdc4da
qd4980326,dd4bf589a
qd4980326,dd4b8e4d8
qd498cc2a,dd4b94ed2
qd498cc2a,dd4c66176
qd498cc2a,dd4bbf27c
qd498cc2a,dd497ad9a
qd498cc2a,dd4ba9d28
qd498cc2a,dd4c0781a
qd498cc2a,dd4b9445a
qd498cc2a,dd4bbe1b0
qd498cc2a,dd4c5f09c
qd498cc2a,dd4b8c340
qd497b7e0,dd4b889f2
qd497b7e0,dd4b8ebcc
qd497b7e0,dd4c1201c
qd497b7e0,dd4c5f3b2
qd497b7e0,dd4c63502
qd497b7e0,dd4bc9a9c
qd497b7e0,dd4c10ae6
qd497b7e0,dd496e0d6
qd497b7e0,dd4bc9ca4
qd497b7e0,dd4c2403c
qd498ed9a,dd4ba3d92
qd498ed9a,dd4bfc9d8
qd498ed9a,dd496fd78
qd498ed9a,dd4c59cf0
qd498ed9a,dd4bc0190
qd498ed9a,dd4b9e234
qd498ed9a,dd4b889f2
qd498ed9a,dd496df64
qd498ed9a,dd4985452
qd498ed9a,dd4c53260
qd498e660,dd4c1fcb2
qd498e660,dd4c178a0
qd498e660,dd4c53d0a
qd498e660,dd4c1e48e
qd498e660,dd4bcb2de
qd498e660,dd4bcf62c
qd498e660,dd4bb7108
qd498e660,dd49827d4
qd498e660,dd4b9a08a
qd498e660,dd4983698
qd498d5e4,dd497edaa
qd498d5e4,dd4c32894
qd498d5e4,dd4bc2044
qd498d5e4,dd4c13e26
qd498d5e4,dd4b8c4ee
qd498d5e4,dd4bb3026
qd498d5e4,dd4bc83ae
qd498d5e4,dd4b9cccc
qd498d5e4,dd4bb66cc
qd498d5e4,dd4bc229c
qd497c92e,dd4c37dd0
qd497c92e,dd4bf06ba
qd497c92e,dd4c5d6ca
qd497c92e,dd4bcdcaa
qd497c92e,dd4c558b2
qd497c92e,dd4b8883a
qd497c92e,dd497d298
qd497c92e,dd4bdbcc4
qd497c92e,dd4bcdaf2
qd497c92e,dd4b9f292
qd498c428,dd4bbb17c
qd498c428,dd4b912fa
qd498c428,dd4b8ebcc
qd498c428,dd4ba3e6e
qd498c428,dd496d938
qd498c428,dd4ba91e8
qd498c428,dd4b87a02
qd498c428,dd4b92f10
qd498c428,dd4b8b29c
qd498c428,dd4bd519e
qd4978d1a,dd4b95e86
qd4978d1a,dd4ba02f0
qd4978d1a,dd4bce6be
qd4978d1a,dd4b979de
qd4978d1a,dd4ba07d2
qd4978d1a,dd4bb3742
qd4978d1a,dd4bae31e
qd4978d1a,dd4b9cbaa
qd4978d1a,dd4b8e4d8
qd4978d1a,dd4bd938e
qd49792ba,dd4bbc040
qd49792ba,dd4c0ce78
qd49792ba,dd4c2423a
qd49792ba,dd4b9e234
qd49792ba,dd4985452
qd49792ba,dd497d70c
qd49792ba,dd4c63b10
qd49792ba,dd4ba276c
qd49792ba,dd4bce1c8
qd49792ba,dd4b8e8f2
qd4980a06,dd4980a42
qd4980a06,dd4c35fb2
qd4980a06,dd4be45d6
qd4980a06,dd4bb99da
qd4980a06,dd4b87d18
qd4980a06,dd4bc47a4
qd4980a06,dd4b9f7f6
qd4980a06,dd4c51212
qd4980a06,dd4c657f8
qd4980a06,dd4c3a59e
qd4973c3e,dd4c31ebc
qd4973c3e,dd4bdb3be
qd4973c3e,dd4973c8e
qd4973c3e,dd4c28ca4
qd4973c3e,dd4b8b4d6
qd4973c3e,dd4c55682
qd4973c3e,dd4b8ac48
qd4973c3e,dd4c63502
qd4973c3e,dd4bd3d9e
qd4973c3e,dd4bea9d6
qd4986d0c,dd49797ec
qd4986d0c,dd4bca276
qd4986d0c,dd4bd7caa
qd4986d0c,dd4c56e56
qd4986d0c,dd4b90684
qd4986d0c,dd4c44418
qd4986d0c,dd4bfdaea
qd4986d0c,dd4ba122c
qd4986d0c,dd4b8da4c
qd4986d0c,dd4c52d60
qd498650a,dd498655a
qd498650a,dd4b8d254
qd498650a,dd4b8df74
qd498650a,dd4bb1e4c
qd498650a,dd4bf30e0
qd498650a,dd4ba90f8
qd498650a,dd4bc000a
qd498650a,dd4bc6fe0
qd498650a,dd4c05bc8
qd498650a,dd4c4cf78
qd498c8b0,dd49870ae
qd498c8b0,dd4b9a63e
qd498c8b0,dd4ba9d28
qd498c8b0,dd4c4cf78
qd498c8b0,dd4befb5c
qd498c8b0,dd4ba543a
qd498c8b0,dd4bd7b9c
qd498c8b0,dd4979602
qd498c8b0,dd4987432
qd498c8b0,dd4bbc5d6
qd49781b2,dd4bb216c
qd49781b2,dd4bc0190
qd49781b2,dd4be27ae
qd49781b2,dd49781f8
qd49781b2,dd4b933fc
qd49781b2,dd4c51988
qd49781b2,dd497d504
qd49781b2,dd4c4a3cc
qd49781b2,dd4bc0dd4
qd49781b2,dd4b9a936
qd498b1b8,dd4ba7a78
qd498b1b8,dd498b1f4
qd498b1b8,dd4bdf78e
qd498b1b8,dd4bc75f8
qd498b1b8,dd4c0d670
qd498b1b8,dd4c2bb20
qd498b1b8,dd4b9a63e
qd498b1b8,dd4985452
qd498b1b8,dd4b9b93a
qd498b1b8,dd4b8eafa
qd497214a,dd4972226
qd497214a,dd4bbc31a
qd497214a,dd4ba9d28
qd497214a,dd4ba543a
qd497214a,dd4b9a63e
qd497214a,dd4bf43a0
qd497214a,dd49870ae
qd497214a,dd4bb216c
qd497214a,dd4c0b726
qd497214a,dd4baa548
qd4972b4a,dd4972b86
qd4972b4a,dd4baed28
qd4972b4a,dd4bc7eb8
qd4972b4a,dd4b8eafa
qd4972b4a,dd4c3c8e4
qd4972b4a,dd4bad4e6
qd4972b4a,dd4b8db3c
qd4972b4a,dd4bb10f0
qd4972b4a,dd4c0f696
qd4972b4a,dd4c4a2c8
qd4979c6a,dd4bdb65c
qd4979c6a,dd4bc45a6
qd4979c6a,dd49749cc
qd4979c6a,dd4bbd300
qd4979c6a,dd4c0ce78
qd4979c6a,dd4bf094e
qd4979c6a,dd4c17616
qd4979c6a,dd4974328
qd4979c6a,dd4c5a7ea
qd4979c6a,dd4c248b6
qd498c2de,dd498c338
qd498c2de,dd4b8f324
qd498c2de,dd497314e
qd498c2de,dd49741fc
qd498c2de,dd4ba302c
qd498c2de,dd4c49468
qd498c2de,dd4b8bd14
qd498c2de,dd4b8e2a8
qd498c2de,dd4c247c6
qd498c2de,dd4b93a82
qd496e4f0,dd496e554
qd496e4f0,dd4c1f514
qd496e4f0,dd4c0781a
qd496e4f0,dd4bc314c
qd496e4f0,dd4c109d8
qd496e4f0,dd4bcf1ae
qd496e4f0,dd4c520b8
qd496e4f0,dd4ba4ad0
qd496e4f0,dd4b8a6b2
qd496e4f0,dd4bc6fe0
qd4988300,dd49797ec
qd4988300,dd4be38b6
qd4988300,dd4c2e58c
qd4988300,dd4bca276
qd4988300,dd4c580b2
qd4988300,dd4ba9b70
qd4988300,dd4c5adf8
qd4988300,dd4c03814
qd4988300,dd49899f8
qd4988300,dd4b8de70
qd497b4e8,dd497b524
qd497b4e8,dd4b96ca0
qd497b4e8,dd4c42c8a
qd497b4e8,dd4b8dd76
qd497b4e8,dd4ba7a78
qd497b4e8,dd4c08e0e
qd497b4e8,dd4bcdaf2
qd497b4e8,dd4c52d60
qd497b4e8,dd4c0ce78
qd497b4e8,dd4c439dc
qd496fbca,dd496fc06
qd496fbca,dd4bc7c60
qd496fbca,dd4976a9c
qd496fbca,dd4bc7b52
qd496fbca,dd4c4ee72
qd496fbca,dd4b8c7be
qd496fbca,dd4b8f518
qd496fbca,dd4bd4820
qd496fbca,dd4b8de70
qd496fbca,dd4bb7108
qd4970ce6,dd4bb51aa
qd4970ce6,dd4ba4e36
qd4970ce6,dd4970d36
qd4970ce6,dd4c282fe
qd4970ce6,dd4b9c790
qd4970ce6,dd4bf6a7e
qd4970ce6,dd4b9306e
qd4970ce6,dd4c09a2a
qd4970ce6,dd4bdb968
qd4970ce6,dd4b8c25a
qd49885da,dd4974620
qd49885da,dd4bf91ac
qd49885da,dd4bdec9e
qd49885da,dd4bcca62
qd49885da,dd4be678c
qd49885da,dd4ba327a
qd49885da,dd4bc079e
qd49885da,dd4c25860
qd49885da,dd4c18b10
qd49885da,dd4c12b5c
qd4982112,dd4b973b2
qd4982112,dd4982158
qd4982112,dd4c2bb20
qd4982112,dd4bb5506
qd4982112,dd4baaef8
qd4982112,dd4c0a39e
qd4982112,dd4b9dc1c
qd4982112,dd4bb3b48
qd4982112,dd4bb655a
qd4982112,dd4b9fe5e
qd498411a,dd4bea9d6
qd498411a,dd4b90684
qd498411a,dd4b8b4d6
qd498411a,dd4bb6b4a
qd498411a,dd4c31ebc
qd498411a,dd4bfd69e
qd498411a,dd4bddce0
qd498411a,dd4b95fc6
qd498411a,dd497a156
qd498411a,dd4bd230e
qd498d21a,dd4c2403c
qd498d21a,dd4c4a2c8
qd498d21a,dd4c55e7a
qd498d21a,dd4bfe2a6
qd498d21a,dd4bf83c4
qd498d21a,dd496fc06
qd498d21a,dd4bc7b52
qd498d21a,dd4c4ee72
qd498d21a,dd4bae6b6
qd498d21a,dd4c4f7aa
qd4982770,dd4c1fcb2
qd4982770,dd4bcb2de
qd4982770,dd4bcf62c
qd4982770,dd4983698
qd4982770,dd4c53d0a
qd4982770,dd4bb7108
qd4982770,dd4bdad7e
qd4982770,dd4c4a566
qd4982770,dd49827d4
qd4982770,dd4c178a0
qd498de22,dd4976a9c
qd498de22,dd4bc7c60
qd498de22,dd496fc06
qd498de22,dd4bc7b52
qd498de22,dd4c4ee72
qd498de22,dd4b8f518
qd498de22,dd4b8c7be
qd498de22,dd4bd4820
qd498de22,dd496d5d2
qd498de22,dd4bb7108
qd498a5e2,dd4c31ebc
qd498a5e2,dd4c65154
qd498a5e2,dd497a156
qd498a5e2,dd4b8b4d6
qd498a5e2,dd4b9cfc4
qd498a5e2,dd4b95fc6
qd498a5e2,dd4bfd69e
qd498a5e2,dd4bd711a
qd498a5e2,dd4b8c7be
qd498a5e2,dd4bb43c2
qd498ce96,dd4b91048
qd498ce96,dd4ba057a
qd498ce96,dd4b87796
qd498ce96,dd4b8f842
qd498ce96,dd4bd368c
qd498ce96,dd4bfd216
qd498ce96,dd4bcff28
qd498ce96,dd4ba0ca0
qd498ce96,dd4bb1d3e
qd498ce96,dd4b981e0
qd497b95c,dd497b9d4
qd497b95c,dd4bbf380
qd497b95c,dd4c528e2
qd497b95c,dd4bb7270
qd497b95c,dd4b9ec5c
qd497b95c,dd4bb4980
qd497b95c,dd4b9445a
qd497b95c,dd4bafc78
qd497b95c,dd4bef5da
qd497b95c,dd4970aa2
qd4978306,dd497774e
qd4978306,dd4b994c8
qd4978306,dd4be687c
qd4978306,dd4baed28
qd4978306,dd4b8f324
qd4978306,dd4c3c8e4
qd4978306,dd496ddd4
qd4978306,dd4bb2b58
qd4978306,dd4974328
qd4978306,dd4c3eb94
qd4988422,dd4c2403c
qd4988422,dd4979b84
qd4988422,dd4bb66cc
qd4988422,dd4bd1de6
qd4988422,dd497ccb2
qd4988422,dd4b9445a
qd4988422,dd4bc8c64
qd4988422,dd4b8ef96
qd4988422,dd4c25cf2
qd4988422,dd4bdddee
qd4981186,dd49811d6
qd4981186,dd4c5ee94
qd4981186,dd4b9cfc4
qd4981186,dd4bd711a
qd4981186,dd4bd8682
qd4981186,dd4bea698
qd4981186,dd4bfd69e
qd4981186,dd4c111ee
qd4981186,dd4bea9d6
qd4981186,dd4c2131e
qd4976d12,dd4976d62
qd4976d12,dd4bc9a9c
qd4976d12,dd4986424
qd4976d12,dd4c1ddd6
qd4976d12,dd4c5aae2
qd4976d12,dd4bcdaf2
qd4976d12,dd4bc16bc
qd4976d12,dd497b6a0
qd4976d12,dd4bf3ee6
qd4976d12,dd4c00056
qd4971344,dd4bf1cfe
qd4971344,dd4c3d78a
qd4971344,dd4974328
qd4971344,dd4b916e2
qd4971344,dd4ba4e36
qd4971344,dd4b8f324
qd4971344,dd4c282fe
qd4971344,dd4b90684
qd4971344,dd4bdb65c
qd4971344,dd4b8b4d6
qd498cb30,dd4ba534a
qd498cb30,dd4b9a63e
qd498cb30,dd4bb1e4c
qd498cb30,dd4ba9d28
qd498cb30,dd4bf30e0
qd498cb30,dd4be90a4
qd498cb30,dd4bbf27c
qd498cb30,dd4bbe1b0
qd498cb30,dd4bbc31a
qd498cb30,dd4b954d6
qd4989ac0,dd4bb26d0
qd4989ac0,dd4bc8c64
qd4989ac0,dd497b6a0
qd4989ac0,dd4b87796
qd4989ac0,dd4ba28b6
qd4989ac0,dd4c14146
qd4989ac0,dd4b8ea14
qd4989ac0,dd4c4dea0
qd4989ac0,dd4979b84
qd4989ac0,dd4bc7a6c
qd4987784,dd4c0e5c0
qd4987784,dd4b9cec0
qd4987784,dd49877e8
qd4987784,dd4bc0bea
qd4987784,dd4b996e4
qd4987784,dd4b9f292
qd4987784,dd4bc33e0
qd4987784,dd4c5c6e4
qd4987784,dd4bb9b92
qd4987784,dd4c346bc
qd4983b3e,dd4c5d6ca
qd4983b3e,dd498d03a
qd4983b3e,dd4c539b8
qd4983b3e,dd4bf1dc6
qd4983b3e,dd49899f8
qd4983b3e,dd4bec2fe
qd4983b3e,dd4bd7caa
qd4983b3e,dd4b8ae64
qd4983b3e,dd4bbad1c
qd4983b3e,dd4b9b5ac
qd497843c,dd4c0ce78
qd497843c,dd4bc7db4
qd497843c,dd4bfd414
qd497843c,dd4bcf1ae
qd497843c,dd4c20c52
qd497843c,dd4970318
qd497843c,dd4c0831e
qd497843c,dd4b996e4
qd497843c,dd4b8b29c
qd497843c,dd4bd74e4
qd497feb2,dd497875c
qd497feb2,dd497ff02
qd497feb2,dd4c51b22
qd497feb2,dd4bb82e2
qd497feb2,dd4c4e0f8
qd497feb2,dd4b87b10
qd497feb2,dd4bd938e
qd497feb2,dd4b974d4
qd497feb2,dd4c4cc62
qd497feb2,dd4b95daa
qd4970de0,dd496ce98
qd4970de0,dd4970e26
qd4970de0,dd4bee25c
qd4970de0,dd4c1311a
qd4970de0,dd4be27ae
qd4970de0,dd4bea09e
qd4970de0,dd4c09a2a
qd4970de0,dd4c4c726
qd4970de0,dd497314e
qd4970de0,dd4c3d78a
qd498694c,dd49869a6
qd498694c,dd4bb8602
qd498694c,dd4bbc31a
qd498694c,dd4c602bc
qd498694c,dd4c187be
qd498694c,dd4b9710a
qd498694c,dd4b8e802
qd498694c,dd4b9df82
qd498694c,dd4b8e2a8
qd498694c,dd4b8ea14
qd497fc46,dd4ba02f0
qd497fc46,dd4ba7f28
qd497fc46,dd4c36fde
qd497fc46,dd4b8f1c6
qd497fc46,dd4b9cfc4
qd497fc46,dd4c42c8a
qd497fc46,dd4b9dec4
qd497fc46,dd4b8eece
qd497fc46,dd4c1ca1c
qd497fc46,dd4bdc084
qd496dc08,dd498655a
qd496dc08,dd4c5efa2
qd496dc08,dd4b8df74
qd496dc08,dd4b8d254
qd496dc08,dd4ba75b4
qd496dc08,dd4ba90f8
qd496dc08,dd4bcc1f2
qd496dc08,dd4bb6a78
qd496dc08,dd4c14146
qd496dc08,dd4b8ab80
qd498fc86,dd4bcff28
qd498fc86,dd4b9af30
qd498fc86,dd4bbb370
qd498fc86,dd4becf7e
qd498fc86,dd4c4c0f0
qd498fc86,dd4ba057a
qd498fc86,dd4c57766
qd498fc86,dd497a796
qd498fc86,dd4b9fe5e
qd498fc86,dd4baca00
qd496f404,dd4c38834
qd496f404,dd4c47e6a
qd496f404,dd4989e76
qd496f404,dd4b91e44
qd496f404,dd4ba8c48
qd496f404,dd4b88498
qd496f404,dd4bc9bbe
qd496f404,dd4c002fe
qd496f404,dd4979094
qd496f404,dd4c32a74
qd49703d6,dd4c13e26
qd49703d6,dd4bc2044
qd49703d6,dd497edaa
qd49703d6,dd4b90bb6
qd49703d6,dd4b88aa6
qd49703d6,dd4bfefa8
qd49703d6,dd4b9cccc
qd49703d6,dd4bae530
qd49703d6,dd4bff188
qd49703d6,dd4bace88
qd4974436,dd4b8f518
qd4974436,dd496fc06
qd4974436,dd4c4ee72
qd4974436,dd4bc7c60
qd4974436,dd4976a9c
qd4974436,dd4bc7b52
qd4974436,dd4b95cc4
qd4974436,dd4b917dc
qd4974436,dd4b9405e
qd4974436,dd496d5d2
qd4981bfe,dd497e4cc
qd4981bfe,dd4bc0190
qd4981bfe,dd4c63b10
qd4981bfe,dd4b993ba
qd4981bfe,dd49707dc
qd4981bfe,dd4bf11a0
qd4981bfe,dd4c0ce78
qd4981bfe,dd4bccf58
qd4981bfe,dd4bb340e
qd4981bfe,dd4b9199e
qd4983256,dd4c52d60
qd4983256,dd4c42c8a
qd4983256,dd4c439dc
qd4983256,dd4c5923c
qd4983256,dd4bd6166
qd4983256,dd4b8dd76
qd4983256,dd4c04f66
qd4983256,dd497774e
qd4983256,dd4c56e56
qd4983256,dd4c44418
qd496fd00,dd4b9b93a
qd496fd00,dd4b9e234
qd496fd00,dd4c0ce78
qd496fd00,dd4bbc040
qd496fd00,dd4c63b10
qd496fd00,dd497d70c
qd496fd00,dd4bcef88
qd496fd00,dd4987432
qd496fd00,dd496fd78
qd496fd00,dd4c2423a
qd4988a76,dd4c1bfb8
qd4988a76,dd4c4f5de
qd4988a76,dd4c0781a
qd4988a76,dd4b94ed2
qd4988a76,dd4c5f09c
qd4988a76,dd4ba75b4
qd4988a76,dd4bc8b4c
qd4988a76,dd497ad9a
qd4988a76,dd4bb5d12
qd4988a76,dd4b8c340
qd497a926,dd4b94ed2
qd497a926,dd4bb5d12
qd497a926,dd4b8a46e
qd497a926,dd4c0781a
qd497a926,dd4b8c340
qd497a926,dd497a976
qd497a926,dd4b9445a
qd497a926,dd4bbf27c
qd497a926,dd4ba4e36
qd497a926,dd4b8e2a8
qd498c090,dd4c323bc
qd498c090,dd4c4af66
qd498c090,dd4b87c00
qd498c090,dd4b8da4c
qd498c090,dd4bec2fe
qd498c090,dd4ba4ad0
qd498c090,dd4ba48a0
qd498c090,dd4c580b2
qd498c090,dd4c195b0
qd498c090,dd4bc36b0
qd4984a16,dd4c31ebc
qd4984a16,dd4b90684
qd4984a16,dd4c65154
qd4984a16,dd4c596a6
qd4984a16,dd4b8b4d6
qd4984a16,dd4bd3d9e
qd4984a16,dd4c1d62e
qd4984a16,dd4bfd69e
qd4984a16,dd4c473d4
qd4984a16,dd4973c8e
qd4970f34,dd4bf22b2
qd4970f34,dd4bbbf6e
qd4970f34,dd4bccf58
qd4970f34,dd4bb340e
qd4970f34,dd4baf0de
qd4970f34,dd498f754
qd4970f34,dd4b956fc
qd4970f34,dd4ba302c
qd4970f34,dd498c338
qd4970f34,dd4be0cba
qd4971722,dd4b93d66
qd4971722,dd4ba13ee
qd4971722,dd4b92f10
qd4971722,dd4bf4468
qd4971722,dd4974328
qd4971722,dd49719f2
qd4971722,dd4bdac8e
qd4971722,dd4bdddee
qd4971722,dd4b93e60
qd4971722,dd4bc86ce
qd4987d7e,dd4981082
qd4987d7e,dd4c4b6be
qd4987d7e,dd4c15da2
qd4987d7e,dd4c4af66
qd4987d7e,dd4bde83e
qd4987d7e,dd4b9ec5c
qd4987d7e,dd4ba043a
qd4987d7e,dd496e8ec
qd4987d7e,dd4c195b0
qd4987d7e,dd4c5adf8
qd496c9c0,dd4c5d6ca
qd496c9c0,dd498d03a
qd496c9c0,dd4bf1dc6
qd496c9c0,dd4c539b8
qd496c9c0,dd4bd7caa
qd496c9c0,dd49899f8
qd496c9c0,dd4bec2fe
qd496c9c0,dd4bbad1c
qd496c9c0,dd4b8ae64
qd496c9c0,dd4b9b5ac
qd49856aa,dd4bedfe6
qd49856aa,dd4985704
qd49856aa,dd4c5169a
qd49856aa,dd4bd84e8
qd49856aa,dd4bb82e2
qd49856aa,dd4bdec9e
qd49856aa,dd4bbeb7e
qd49856aa,dd4b9c948
qd49856aa,dd4bbe606
qd49856aa,dd4c59b2e
qd49867da,dd49780b8
qd49867da,dd4ba3d92
qd49867da,dd4bfabec
qd49867da,dd4bcef88
qd49867da,dd4c04b4c
qd49867da,dd4bebe26
qd49867da,dd498682a
qd49867da,dd4bb43c2
qd49867da,dd4b8e046
qd49867da,dd4bb1d3e
qd4987b12,dd4987b58
qd4987b12,dd497edaa
qd4987b12,dd4b8da4c
qd4987b12,dd4b8c4ee
qd4987b12,dd4c62fb2
qd4987b12,dd4c098ea
qd4987b12,dd4bcfd48
qd4987b12,dd4bde83e
qd4987b12,dd4980dd0
qd4987b12,dd4bccf58
qd497471a,dd4c5f290
qd497471a,dd497477e
qd497471a,dd4bb9e4e
qd497471a,dd4b8db3c
qd497471a,dd4b9f152
qd497471a,dd4c322cc
qd497471a,dd4c4c636
qd497471a,dd4bd1c42
qd497471a,dd4c07df6
qd497471a,dd4be643a
qd498cd6a,dd4b933fc
qd498cd6a,dd4be27ae
qd498cd6a,dd4bb216c
qd498cd6a,dd49781f8
qd498cd6a,dd4bc0190
qd498cd6a,dd4bb76ee
qd498cd6a,dd4b9a936
qd498cd6a,dd498a524
qd498cd6a,dd4c4a3cc
qd498cd6a,dd4bcf794
qd4978054,dd4bc0f5a
qd4978054,dd4c596a6
qd4978054,dd4b90684
qd4978054,dd49780b8
qd4978054,dd4c60c58
qd4978054,dd4974328
qd4978054,dd4c282fe
qd4978054,dd4b994c8
qd4978054,dd4b8e046
qd4978054,dd4ba4e36
qd49893e0,dd4b8ebcc
qd49893e0,dd4bbb17c
qd49893e0,dd4b92f10
qd49893e0,dd4b87a02
qd49893e0,dd496d938
qd49893e0,dd4b8b29c
qd49893e0,dd4ba3e6e
qd49893e0,dd4be0b84
qd49893e0,dd4ba91e8
qd49893e0,dd4ba8144
qd497b006,dd4bd05a4
qd497b006,dd4b9f292
qd497b006,dd4bf3ee6
qd497b006,dd4bb44b2
qd497b006,dd4c628b4
qd497b006,dd4bae530
qd497b006,dd4bb26d0
qd497b006,dd4c20130
qd497b006,dd4bf8928
qd497b006,dd4b9af30
qd498f47a,dd4c37dd0
qd498f47a,dd4c5d6ca
qd498f47a,dd4b8883a
qd498f47a,dd4bdbcc4
qd498f47a,dd4bf06ba
qd498f47a,dd4c558b2
qd498f47a,dd4bcdcaa
qd498f47a,dd49797ec
qd498f47a,dd4bcdaf2
qd498f47a,dd4c4fc1e
qd496ecd4,dd496ed24
qd496ecd4,dd4bde4e2
qd496ecd4,dd4c2403c
qd496ecd4,dd4b918b8
qd496ecd4,dd4be5b20
qd496ecd4,dd497f5e8
qd496ecd4,dd4b957d8
qd496ecd4,dd4ba523c
qd496ecd4,dd4bf341e
qd496ecd4,dd4b8b03a
qd4988152,dd4980a42
qd4988152,dd4b95cc4
qd4988152,dd4b885a6
qd4988152,dd4bd2250
qd4988152,dd4b9f7f6
qd4988152,dd4b87d18
qd4988152,dd4be45d6
qd4988152,dd4c2403c
qd4988152,dd4c1107c
qd4988152,dd4970642
qd498b99c,dd4ba48a0
qd498b99c,dd4c56f32
qd498b99c,dd4b90774
qd498b99c,dd4baf3ea
qd498b99c,dd4b918b8
qd498b99c,dd4bd4078
qd498b99c,dd4be8ec4
qd498b99c,dd4bc32fa
qd498b99c,dd4c31818
qd498b99c,dd4bfe9b8
qd496e07c,dd4978892
qd496e07c,dd496e0d6
qd496e07c,dd4be9d60
qd496e07c,dd4bcd4da
qd496e07c,dd4bf341e
qd496e07c,dd4c53a80
qd496e07c,dd4be0a9e
qd496e07c,dd496d30c
qd496e07c,dd4bba4f2
qd496e07c,dd4b9704c
qd4977e06,dd4b8af54
qd4977e06,dd4c558b2
qd4977e06,dd4976010
qd4977e06,dd4b9c02e
qd4977e06,dd4c35fb2
qd4977e06,dd496ca2e
qd4977e06,dd4bbce6e
qd4977e06,dd4bddb28
qd4977e06,dd4c56e56
qd4977e06,dd4c44418
qd498cfd6,dd4c07ed2
qd498cfd6,dd4bf8c16
qd498cfd6,dd4c13e26
qd498cfd6,dd4bc83ae
qd498cfd6,dd497edaa
qd498cfd6,dd4b96f16
qd498cfd6,dd4b9cccc
qd498cfd6,dd4b8c4ee
qd498cfd6,dd4b94266
qd498cfd6,dd498d03a
qd4979f26,dd4b9a63e
qd4979f26,dd497d504
qd4979f26,dd4c4cf78
qd4979f26,dd4c3cc86
qd4979f26,dd4ba9d28
qd4979f26,dd4c0ce78
qd4979f26,dd4c5f3b2
qd4979f26,dd4bbc5d6
qd4979f26,dd4befb5c
qd4979f26,dd4979602
qd4977410,dd4b8b4d6
qd4977410,dd4c2663e
qd4977410,dd4bea9d6
qd4977410,dd4b8ac48
qd4977410,dd4bd3d9e
qd4977410,dd4c1d62e
qd4977410,dd4c63502
qd4977410,dd4b8f41e
qd4977410,dd4bf7820
qd4977410,dd4bdb3be
qd498d90e,dd4c19cae
qd498d90e,dd4c39c3e
qd498d90e,dd4bb216c
qd498d90e,dd4ba9d28
qd498d90e,dd4b9b6ba
qd498d90e,dd4b87340
qd498d90e,dd49781f8
qd498d90e,dd4be9ad6
qd498d90e,dd4bde26c
qd498d90e,dd4b933fc
qd497ca32,dd4c0ce78
qd497ca32,dd4bbc040
qd497ca32,dd4bfd414
qd497ca32,dd496d15e
qd497ca32,dd4b8eafa
qd497ca32,dd498a524
qd497ca32,dd4bb8fa8
qd497ca32,dd4985452
qd497ca32,dd4972a1e
qd497ca32,dd4bc54e2
qd497cff0,dd497d036
qd497cff0,dd4b92be6
qd497cff0,dd4ba111e
qd497cff0,dd4c65154
qd497cff0,dd4b8c7be
qd497cff0,dd4c5e9a8
qd497cff0,dd4bfd69e
qd497cff0,dd4b98866
qd497cff0,dd4c0831e
qd497cff0,dd4b9cfc4
qd496d3f2,dd496d44c
qd496d3f2,dd498989a
qd496d3f2,dd4c2fb80
qd496d3f2,dd4b924de
qd496d3f2,dd4bcd2e6
qd496d3f2,dd4ba1894
qd496d3f2,dd4b86b98
qd496d3f2,dd4978b44
qd496d3f2,dd4c1107c
qd496d3f2,dd4b9ab8e
qd496eb76,dd4c37dd0
qd496eb76,dd4bce560
qd496eb76,dd4be9e5a
qd496eb76,dd4bcdaf2
qd496eb76,dd4bf8928
qd496eb76,dd49797ec
qd496eb76,dd4c5f3b2
qd496eb76,dd4be55f8
qd496eb76,dd4bfe9b8
qd496eb76,dd4bfc9d8
qd498be10,dd4ba72a8
qd498be10,dd4c35fb2
qd498be10,dd4b9d0b4
qd498be10,dd4be4f72
qd498be10,dd4bf331a
qd498be10,dd4c0aa92
qd498be10,dd4bb04e8
qd498be10,dd4c4e8c8
qd498be10,dd4bba920
qd498be10,dd4985fd8
qd497f1d8,dd4bc7db4
qd497f1d8,dd4c26dbe
qd497f1d8,dd4c3af26
qd497f1d8,dd4bc7a6c
qd497f1d8,dd4bd5eb4
qd497f1d8,dd4ba28b6
qd497f1d8,dd4b8bbf2
qd497f1d8,dd4b9cec0
qd497f1d8,dd496d15e
qd497f1d8,dd4baa548
qd49779e2,dd4c0ce78
qd49779e2,dd4bfd414
qd49779e2,dd4b8b29c
qd49779e2,dd4be623c
qd49779e2,dd4bc7db4
qd49779e2,dd4c20c52
qd49779e2,dd4bbc040
qd49779e2,dd4977a32
qd49779e2,dd4c04c14
qd49779e2,dd4bb6c12
qd496ea54,dd4bdc4da
qd496ea54,dd4b9af30
qd496ea54,dd4b8af54
qd496ea54,dd4c10fc8
qd496ea54,dd4bb3648
qd496ea54,dd4c02bbc
qd496ea54,dd4b9c40c
qd496ea54,dd4b90684
qd496ea54,dd4c04688
qd496ea54,dd4b8b4d6
qd4979b34,dd4c2403c
qd4979b34,dd4bc8c64
qd4979b34,dd4979b84
qd4979b34,dd4b9c16e
qd4979b34,dd4b8ef96
qd4979b34,dd4c4f6b0
qd4979b34,dd4bcbb1c
qd4979b34,dd4b957d8
qd4979b34,dd4970318
qd4979b34,dd4b9ad82
qd4978afe,dd4bb6a78
qd4978afe,dd4b8d254
qd4978afe,dd4bc7a6c
qd4978afe,dd4b924de
qd4978afe,dd498655a
qd4978afe,dd4c1107c
qd4978afe,dd4b9cec0
qd4978afe,dd4bc6b26
qd4978afe,dd4b8df74
qd4978afe,dd4c4b376
qd4989e12,dd4b9d19a
qd4989e12,dd4c195b0
qd4989e12,dd4c5adf8
qd4989e12,dd4c4b6be
qd4989e12,dd4b908e6
qd4989e12,dd4c44418
qd4989e12,dd4b89ac8
qd4989e12,dd4c10ae6
qd4989e12,dd4ba48a0
qd4989e12,dd4c5f3b2
qd498aace,dd4c50394
qd498aace,dd4ba660a
qd498aace,dd4c52298
qd498aace,dd4c0831e
qd498aace,dd497e274
qd498aace,dd4c4b920
qd498aace,dd4b9fe5e
qd498aace,dd4bbb564
qd498aace,dd4bcab5e
qd498aace,dd4bbb370
qd497d6c6,dd497d70c
qd497d6c6,dd4b87fde
qd497d6c6,dd4c326a0
qd497d6c6,dd49707dc
qd497d6c6,dd4c31af2
qd497d6c6,dd4bc0190
qd497d6c6,dd49753cc
qd497d6c6,dd4b895c8
qd497d6c6,dd4bbfb96
qd497d6c6,dd4bc0f5a
qd498d85a,dd4baed28
qd498d85a,dd4972b86
qd498d85a,dd4c3c8e4
qd498d85a,dd496fd78
qd498d85a,dd4bad4e6
qd498d85a,dd4b95cc4
qd498d85a,dd497774e
qd498d85a,dd497d504
qd498d85a,dd4bb2b58
qd498d85a,dd4b9a63e
qd497f58e,dd496ed24
qd497f58e,dd4b918b8
qd497f58e,dd4bde4e2
qd497f58e,dd4ba523c
qd497f58e,dd4b905bc
qd497f58e,dd4ba4062
qd497f58e,dd4c10ae6
qd497f58e,dd4be5b20
qd497f58e,dd4c63502
qd497f58e,dd4b8b03a
qd498a4d4,dd4c0ce78
qd498a4d4,dd4bbc040
qd498a4d4,dd497e4cc
qd498a4d4,dd4985452
qd498a4d4,dd4c63b10
qd498a4d4,dd497d70c
qd498a4d4,dd4bfd414
qd498a4d4,dd4ba276c
qd498a4d4,dd4b9e234
qd498a4d4,dd4bc54e2
qd4983a30,dd4bf1cfe
qd4983a30,dd4bb1960
qd4983a30,dd4bab3e4
qd4983a30,dd4c30d0a
qd4983a30,dd4be1700
qd4983a30,dd4c56bb8
qd4983a30,dd4bbe2a0
qd4983a30,dd496f5c6
qd4983a30,dd4bddb28
qd4983a30,dd4b920e2
qd498fe8e,dd49780b8
qd498fe8e,dd4c596a6
qd498fe8e,dd4bc0f5a
qd498fe8e,dd4c60c58
qd498fe8e,dd4b90684
qd498fe8e,dd4b8e046
qd498fe8e,dd4bfb808
qd498fe8e,dd4bcdaf2
qd498fe8e,dd4bd03a6
qd498fe8e,dd4c5d6ca
qd498458e,dd4c5f290
qd498458e,dd497477e
qd498458e,dd4bb9e4e
qd498458e,dd4b8db3c
qd498458e,dd4c4c636
qd498458e,dd4c07df6
qd498458e,dd4be643a
qd498458e,dd4b9f152
qd498458e,dd4bb2d7e
qd498458e,dd4ba1ef2
qd497b25e,dd4c1ca1c
qd497b25e,dd4bff354
qd497b25e,dd4b9dec4
qd497b25e,dd4c65c30
qd497b25e,dd4bdc084
qd497b25e,dd4bea4b8
qd497b25e,dd4b9cde4
qd497b25e,dd4c439dc
qd497b25e,dd4b8eece
qd497b25e,dd4b89942
qd4984afc,dd4b94ed2
qd4984afc,dd4bb5d12
qd4984afc,dd4c0781a
qd4984afc,dd4b8c340
qd4984afc,dd4bbf27c
qd4984afc,dd4b9445a
qd4984afc,dd497a976
qd4984afc,dd4b8a46e
qd4984afc,dd4b8e2a8
qd4984afc,dd4ba4e36
qd497dedc,dd4bc7a6c
qd497dedc,dd498655a
qd497dedc,dd4b9cec0
qd497dedc,dd4be2862
qd497dedc,dd4b9649e
qd497dedc,dd4b89762
qd497dedc,dd4b9ea7c
qd497dedc,dd4b8d254
qd497dedc,dd4bbc31a
qd497dedc,dd4bbd5e4
qd4981e6a,dd496e554
qd4981e6a,dd4b9c16e
qd4981e6a,dd4bc8c64
qd4981e6a,dd4ba8a5e
qd4981e6a,dd4bd8b64
qd4981e6a,dd4b9445a
qd4981e6a,dd4bcf1ae
qd4981e6a,dd4bd1de6
qd4981e6a,dd496df64
qd4981e6a,dd4bcbb1c
qd4975aca,dd4bdd6dc
qd4975aca,dd4bdddee
qd4975aca,dd4c23f60
qd4975aca,dd4b9fe5e
qd4975aca,dd4bcff28
qd4975aca,dd4c4e788
qd4975aca,dd4b9c16e
qd4975aca,dd4c14146
qd4975aca,dd4c2f5a4
qd4975aca,dd4ba057a
qd4983508,dd4ba057a
qd4983508,dd4b8f842
qd4983508,dd4bb3742
qd4983508,dd4bd368c
qd4983508,dd4c14146
qd4983508,dd4b8a6b2
qd4983508,dd4c1f514
qd4983508,dd4c64a9c
qd4983508,dd4bb123a
qd4983508,dd4bb66cc
qd4985d26,dd4bbd5e4
qd4985d26,dd4bb78a6
qd4985d26,dd4bebf02
qd4985d26,dd4bb6a78
qd4985d26,dd4c2663e
qd4985d26,dd4b9cec0
qd4985d26,dd4c28ca4
qd4985d26,dd498655a
qd4985d26,dd4c520b8
qd4985d26,dd4ba28b6
qd496efe0,dd4b994c8
qd496efe0,dd4bdb65c
qd496efe0,dd4974328
qd496efe0,dd4bf094e
qd496efe0,dd4b9c948
qd496efe0,dd49749cc
qd496efe0,dd496daaa
qd496efe0,dd4bc45a6
qd496efe0,dd4c17616
qd496efe0,dd4c0ce78
qd498885a,dd4bb810c
qd498885a,dd4976808
qd498885a,dd4bc62ca
qd498885a,dd4befcce
qd498885a,dd4bdeac8
qd498885a,dd4bcc45e
qd498885a,dd4b890be
qd498885a,dd4c5081c
qd498885a,dd4c1cc9c
qd498885a,dd4baad2c
qd497ed64,dd4b9cccc
qd497ed64,dd4bb66cc
qd497ed64,dd4c109d8
qd497ed64,dd4c13e26
qd497ed64,dd4b8c4ee
qd497ed64,dd4bc2044
qd497ed64,dd4c32894
qd497ed64,dd4975d4a
qd497ed64,dd4bb3742
qd497ed64,dd4bff188
qd49812d0,dd4970642
qd49812d0,dd496fd78
qd49812d0,dd4b902a6
qd49812d0,dd4bea4b8
qd49812d0,dd4bae31e
qd49812d0,dd4bbdb16
qd49812d0,dd4bf38ba
qd49812d0,dd4c04b4c
qd49812d0,dd49707dc
qd49812d0,dd4c2b4cc
qd497a26e,dd496f968
qd497a26e,dd4bcd4da
qd497a26e,dd4bbbab4
qd497a26e,dd4ba48a0
qd497a26e,dd4c5e048
qd497a26e,dd4985e7a
qd497a26e,dd4bc36b0
qd497a26e,dd497b06a
qd497a26e,dd4987b58
qd497a26e,dd4c10ae6
qd497e878,dd4bc83ae
qd497e878,dd4ba002a
qd497e878,dd4bc2f30
qd497e878,dd4b96ca0
qd497e878,dd4be8cbc
qd497e878,dd4c25860
qd497e878,dd497edaa
qd497e878,dd4b9cccc
qd497e878,dd4b9bda4
qd497e878,dd4bfefa8
qd4973504,dd4beac7e
qd4973504,dd4be1b9c
qd4973504,dd4c53260
qd4973504,dd4bcd94e
qd4973504,dd4bea9d6
qd4973504,dd4c323bc
qd4973504,dd497354a
qd4973504,dd4c5f3b2
qd4973504,dd4b9cfc4
qd4973504,dd4bbd8a0
qd49770fa,dd496fd78
qd49770fa,dd4970642
qd49770fa,dd4bea4b8
qd49770fa,dd4bf38ba
qd49770fa,dd4bae31e
qd49770fa,dd4b8dd76
qd49770fa,dd4c2b4cc
qd49770fa,dd4b902a6
qd49770fa,dd49899f8
qd49770fa,dd4ba543a
qd49878ce,dd4bbb17c
qd49878ce,dd4b912fa
qd49878ce,dd4c1bfb8
qd49878ce,dd496d938
qd49878ce,dd4b92f10
qd49878ce,dd4b87a02
qd49878ce,dd4b8b29c
qd49878ce,dd4b8ebcc
qd49878ce,dd4ba91e8
qd49878ce,dd4ba3e6e
qd498482c,dd497b524
qd498482c,dd4ba7a78
qd498482c,dd4c08e0e
qd498482c,dd4c4ef80
qd498482c,dd4b994c8
qd498482c,dd4c4e788
qd498482c,dd4ba940e
qd498482c,dd4c47582
qd498482c,dd4b96ca0
qd498482c,dd4bdf78e
qd497cb22,dd4b8ebcc
qd497cb22,dd496d938
qd497cb22,dd4ba3e6e
qd497cb22,dd4b87a02
qd497cb22,dd4b86b98
qd497cb22,dd4b92f10
qd497cb22,dd4ba91e8
qd497cb22,dd4bbb564
qd497cb22,dd4b9a936
qd497cb22,dd4be0b84
qd497da68,dd497da9a
qd497da68,dd497340a
qd497da68,dd4c42c8a
qd497da68,dd4ba111e
qd497da68,dd497d504
qd497da68,dd4baa80e
qd497da68,dd498b1f4
qd497da68,dd4b96f16
qd497da68,dd4c51fbe
qd497da68,dd4c37498
qd497562e,dd4b8a6b2
qd497562e,dd4b9ad82
qd497562e,dd4bc314c
qd497562e,dd4bc9ca4
qd497562e,dd4b8f61c
qd497562e,dd4c4db9e
qd497562e,dd4bd1de6
qd497562e,dd4bcaf0a
qd497562e,dd4b9e068
qd497562e,dd4bb66cc
qd498b6d6,dd4b8eafa
qd498b6d6,dd4bbc5d6
qd498b6d6,dd4bca6ea
qd498b6d6,dd4be8fc8
qd498b6d6,dd4b94266
qd498b6d6,dd497d504
qd498b6d6,dd4c39c3e
qd498b6d6,dd4c63b10
qd498b6d6,dd4c04b4c
qd498b6d6,dd4c1a4c4
qd498eb10,dd4bbe2a0
qd498eb10,dd496f5c6
qd498eb10,dd4c0119a
qd498eb10,dd4be4e3c
qd498eb10,dd4c6501e
qd498eb10,dd4b917dc
qd498eb10,dd4c4c91a
qd498eb10,dd4bcfc62
qd498eb10,dd4bf1cfe
qd498eb10,dd4bc0884
qd498fd94,dd4b9cccc
qd498fd94,dd497edaa
qd498fd94,dd4bfefa8
qd498fd94,dd4bd7926
qd498fd94,dd496e8ec
qd498fd94,dd4bde83e
qd498fd94,dd4bff430
qd498fd94,dd4bcca62
qd498fd94,dd4ba6b50
qd498fd94,dd4973a2c
qd496fa58,dd4c5304e
qd496fa58,dd4c65c30
qd496fa58,dd496faa8
qd496fa58,dd4b971e6
qd496fa58,dd4b8eece
qd496fa58,dd4bdc084
qd496fa58,dd4c24e1a
qd496fa58,dd4b9dec4
qd496fa58,dd4bff354
qd496fa58,dd4975250
qd4981640,dd49816a4
qd4981640,dd4b86b98
qd4981640,dd4979b84
qd4981640,dd4bc2044
qd4981640,dd4b8ef96
qd4981640,dd4c5937c
qd4981640,dd4c247c6
qd4981640,dd4c4f6b0
qd4981640,dd4c1f514
qd4981640,dd4bdb56c
qd497eb2a,dd4bcc45e
qd497eb2a,dd4bb810c
qd497eb2a,dd4976808
qd497eb2a,dd4bde6cc
qd497eb2a,dd4bade46
qd497eb2a,dd4bdeac8
qd497eb2a,dd4c1edb2
qd497eb2a,dd4bb2f36
qd497eb2a,dd4c13c64
qd497eb2a,dd4bc6856
qd496cfc4,dd496d014
qd496cfc4,dd4be2196
qd496cfc4,dd4bd65e4
qd496cfc4,dd4beee14
qd496cfc4,dd4c2a0d6
qd496cfc4,dd496ca2e
qd496cfc4,dd4bfcdca
qd496cfc4,dd4c439dc
qd496cfc4,dd4c598ea
qd496cfc4,dd4ba4e36
qd497d5c2,dd4bc2f30
qd497d5c2,dd4bfefa8
qd497d5c2,dd4b96ca0
qd497d5c2,dd4bc80a2
qd497d5c2,dd4b88aa6
qd497d5c2,dd4975d4a
qd497d5c2,dd4bc0adc
qd497d5c2,dd4c2dccc
qd497d5c2,dd4c1201c
qd497d5c2,dd4be8cbc
qd497d964,dd4c117c0
qd497d964,dd4c32a74
qd497d964,dd49763da
qd497d964,dd4b9bda4
qd497d964,dd49732c0
qd497d964,dd4c38834
qd497d964,dd4b908e6
qd497d964,dd4bca168
qd497d964,dd4bda02c
qd497d964,dd4b9e478
qd497729e,dd4bb885a
qd497729e,dd4ba8144
qd497729e,dd4bafd54
qd497729e,dd4c2e58c
qd497729e,dd4ba83ec
qd497729e,dd4b9d410
qd497729e,dd4bbee44
qd497729e,dd4c4ac6e
qd497729e,dd4b936f4
qd497729e,dd4971178
qd49813d4,dd4bcfe2e
qd49813d4,dd4bb2b58
qd49813d4,dd496ddd4
qd49813d4,dd4984962
qd49813d4,dd4c5d0f8
qd49813d4,dd4c121fc
qd49813d4,dd4be687c
qd49813d4,dd4c5ec82
qd49813d4,dd4b95f26
qd49813d4,dd498628a
qd496df14,dd496df64
qd496df14,dd4bf8c16
qd496df14,dd4ba3d92
qd496df14,dd4bf3ee6
qd496df14,dd4b9e068
qd496df14,dd4bf481e
qd496df14,dd4ba534a
qd496df14,dd4bcc1f2
qd496df14,dd4b94266
qd496df14,dd4c520b8
qd4973d42,dd4bc6b26
qd4973d42,dd4b9445a
qd4973d42,dd4c5937c
qd4973d42,dd4973d88
qd4973d42,dd4c5efa2
qd4973d42,dd4bad842
qd4973d42,dd4be9c84
qd4973d42,dd4bc6fe0
qd4973d42,dd4c06532
qd4973d42,dd4c5c3b0
qd49704da,dd4c5aae2
qd49704da,dd4c04688
qd49704da,dd4bc314c
qd49704da,dd4c14416
qd49704da,dd4ba16fa
qd49704da,dd4b936f4
qd49704da,dd4be2d44
qd49704da,dd4b8db3c
qd49704da,dd4be27ae
qd49704da,dd4c54eb2
qd497cc6c,dd4bdd286
qd497cc6c,dd4bb66cc
qd497cc6c,dd497ccb2
qd497cc6c,dd4c2403c
qd497cc6c,dd4b87214
qd497cc6c,dd4b9c16e
qd497cc6c,dd4c06532
qd497cc6c,dd4c040c0
qd497cc6c,dd4b9ad82
qd497cc6c,dd4bca942
qd496e374,dd4bdf86a
qd496e374,dd4bda02c
qd496e374,dd4ba043a
qd496e374,dd4c4b6be
qd496e374,dd4b9d19a
qd496e374,dd4b9d410
qd496e374,dd4c4af66
qd496e374,dd4c195b0
qd496e374,dd4981082
qd496e374,dd4b9ec5c
qd4975cf0,dd4975d4a
qd4975cf0,dd4bc229c
qd4975cf0,dd497edaa
qd4975cf0,dd4c32894
qd4975cf0,dd496df64
qd4975cf0,dd4bc2044
qd4975cf0,dd4b9cccc
qd4975cf0,dd4c13e26
qd4975cf0,dd4b90bb6
qd4975cf0,dd4bc0adc
qd4983fc6,dd4bc62ca
qd4983fc6,dd4984020
qd4983fc6,dd4b890be
qd4983fc6,dd4bdeac8
qd4983fc6,dd4bc0bea
qd4983fc6,dd4c04b4c
qd4983fc6,dd4bebe26
qd4983fc6,dd4bdb968
qd4983fc6,dd4c5699c
qd4983fc6,dd4c20130
qd4983ea4,dd4bcfe2e
qd4983ea4,dd4984962
qd4983ea4,dd4c121fc
qd4983ea4,dd496ddd4
qd4983ea4,dd4bb2b58
qd4983ea4,dd498628a
qd4983ea4,dd4b9849c
qd4983ea4,dd4c5d0f8
qd4983ea4,dd4bcef88
qd4983ea4,dd4be687c
qd49879d2,dd4c13c64
qd49879d2,dd4976808
qd49879d2,dd4ba8662
qd49879d2,dd4bb293c
qd49879d2,dd4c30b66
qd49879d2,dd4bde6cc
qd49879d2,dd4c5e502
qd49879d2,dd4b8f324
qd49879d2,dd4974328
qd49879d2,dd4ba2c44
qd4987266,dd49872ac
qd4987266,dd4bbb17c
qd4987266,dd4c159ec
qd4987266,dd4b912fa
qd4987266,dd4c354a4
qd4987266,dd4ba8144
qd4987266,dd4b936f4
qd4987266,dd4b94ed2
qd4987266,dd4bcd5f2
qd4987266,dd4ba6754
qd4980204,dd497477e
qd4980204,dd4c5f290
qd4980204,dd4bb9e4e
qd4980204,dd4b8db3c
qd4980204,dd4bd1c42
qd4980204,dd4b9f152
qd4980204,dd4c4c636
qd4980204,dd4c07df6
qd4980204,dd4bb2d7e
qd4980204,dd4b8705c
qd4972c76,dd4bdf86a
qd4972c76,dd4c195b0
qd4972c76,dd4b9d19a
qd4972c76,dd4b9d410
qd4972c76,dd4b88498
qd4972c76,dd4bda02c
qd4972c76,dd4975e94
qd4972c76,dd4b8883a
qd4972c76,dd4c00056
qd4972c76,dd4c32a74
qd498f858,dd4976682
qd498f858,dd4c5aae2
qd498f858,dd4bc2044
qd498f858,dd496cbc8
qd498f858,dd4b8ea14
qd498f858,dd4bcc45e
qd498f858,dd4b9c16e
qd498f858,dd4c1edb2
qd498f858,dd4b90bb6
qd498f858,dd4c0aa92
qd4987c84,dd49869a6
qd4987c84,dd4bad72a
qd4987c84,dd4bbc31a
qd4987c84,dd4b9df82
qd4987c84,dd4c187be
qd4987c84,dd4bee9d2
qd4987c84,dd4ba28b6
qd4987c84,dd4b9445a
qd4987c84,dd4be6340
qd4987c84,dd4bb8602
qd497c672,dd497c6ae
qd497c672,dd4c26738
qd497c672,dd4bee4e6
qd497c672,dd4c11b12
qd497c672,dd4badfea
qd497c672,dd4c5a100
qd497c672,dd4b91d40
qd497c672,dd4ba043a
qd497c672,dd4c57b08
qd497c672,dd4bd7db8
qd498764e,dd4bb82e2
qd498764e,dd4c4d108
qd498764e,dd4bccb34
qd498764e,dd4bd2822
qd498764e,dd4c4cc62
qd498764e,dd4c3eb94
qd498764e,dd4bd938e
qd498764e,dd4ba2c44
qd498764e,dd4c439dc
qd498764e,dd4c5923c
qd4978f04,dd4bbd5e4
qd4978f04,dd4bebf02
qd4978f04,dd4bb6a78
qd4978f04,dd4c2663e
qd4978f04,dd4b9cec0
qd4978f04,dd4c14146
qd4978f04,dd4c28ca4
qd4978f04,dd4ba28b6
qd4978f04,dd4bb78a6
qd4978f04,dd4c520b8
qd49767c2,dd4c4ed78
qd49767c2,dd4befcce
qd49767c2,dd4bd30c4
qd49767c2,dd4bcdaf2
qd49767c2,dd4c4fc1e
qd49767c2,dd4b8e046
qd49767c2,dd4976808
qd49767c2,dd4c5fd4e
qd49767c2,dd4c558b2
qd49767c2,dd49899f8
qd498f9c0,dd4c1fcb2
qd498f9c0,dd4bb7108
qd498f9c0,dd4bdad7e
qd498f9c0,dd4bcf62c
qd498f9c0,dd4c544d0
qd498f9c0,dd4bcb2de
qd498f9c0,dd4ba4e36
qd498f9c0,dd4b94ff4
qd498f9c0,dd4bd2732
qd498f9c0,dd4c648e4
qd497d39c,dd4972b86
qd497d39c,dd4baed28
qd497d39c,dd4bc7eb8
qd497d39c,dd4c24e1a
qd497d39c,dd4c1e8a8
qd497d39c,dd4bad4e6
qd497d39c,dd496d5d2
qd497d39c,dd4be45d6
qd497d39c,dd4c0f696
qd497d39c,dd497774e
qd498540c,dd4c0ce78
qd498540c,dd496d15e
qd498540c,dd4bbc040
qd498540c,dd4b8eafa
qd498540c,dd4985452
qd498540c,dd4bfd414
qd498540c,dd4b9e234
qd498540c,dd4bb8fa8
qd498540c,dd4bd5eb4
qd498540c,dd4bd002c
qd4988d64,dd4ba302c
qd4988d64,dd4974328
qd4988d64,dd4c248b6
qd4988d64,dd4b994c8
qd4988d64,dd4b92a2e
qd4988d64,dd4bd0d60
qd4988d64,dd4bf094e
qd4988d64,dd496daaa
qd4988d64,dd4b9c02e
qd4988d64,dd4bdb65c
qd4982a22,dd4b973b2
qd4982a22,dd4982158
qd4982a22,dd4bb5506
qd4982a22,dd4c2bb20
qd4982a22,dd4baaef8
qd4982a22,dd4b9dc1c
qd4982a22,dd4bb655a
qd4982a22,dd4c0a39e
qd4982a22,dd4bb3b48
qd4982a22,dd4b95cc4
qd496fe5e,dd4bf7a0a
qd496fe5e,dd4c5f894
qd496fe5e,dd496fea4
qd496fe5e,dd4c4ae80
qd496fe5e,dd4c4dfcc
qd496fe5e,dd4c4749c
qd496fe5e,dd4bfefa8
qd496fe5e,dd4c25860
qd496fe5e,dd4bd84e8
qd496fe5e,dd4c4ab38
qd4984912,dd4bc36b0
qd4984912,dd4c5f3b2
qd4984912,dd4bcd4da
qd4984912,dd4b8b29c
qd4984912,dd4b90814
qd4984912,dd4b8ebcc
qd4984912,dd4bf5e44
qd4984912,dd4984962
qd4984912,dd4ba91e8
qd4984912,dd4bcf956
qd497d7e8,dd4bd153a
qd497d7e8,dd4c247c6
qd497d7e8,dd4c4f5de
qd497d7e8,dd4c5937c
qd497d7e8,dd497d842
qd497d7e8,dd4bc9f60
qd497d7e8,dd4b8d90c
qd497d7e8,dd4bf341e
qd497d7e8,dd4c2bb20
qd497d7e8,dd4be50b2
qd4985556,dd4b8b4d6
qd4985556,dd4c2663e
qd4985556,dd4c1d62e
qd4985556,dd4b87e12
qd4985556,dd4c4e62a
qd4985556,dd4b8ac48
qd4985556,dd4bd3d9e
qd4985556,dd497502a
qd4985556,dd4c63502
qd4985556,dd4bf7820
qd498efb6,dd4b933fc
qd498efb6,dd4bb216c
qd498efb6,dd4be27ae
qd498efb6,dd49781f8
qd498efb6,dd4bf8c16
qd498efb6,dd4b94266
qd498efb6,dd4bb76ee
qd498efb6,dd4bb14b0
qd498efb6,dd4be9ad6
qd498efb6,dd4c4a3cc
qd497bbdc,dd4b87d18
qd497bbdc,dd4c0119a
qd497bbdc,dd4bbe2a0
qd497bbdc,dd4c4f7aa
qd497bbdc,dd4b8dd76
qd497bbdc,dd4bc907e
qd497bbdc,dd4bd2250
qd497bbdc,dd4b94b76
qd497bbdc,dd4be45d6
qd497bbdc,dd4c439dc
qd498d30a,dd4c002fe
qd498d30a,dd4989e76
qd498d30a,dd4c57b08
qd498d30a,dd4b89eec
qd498d30a,dd4c47e6a
qd498d30a,dd4b9dc1c
qd498d30a,dd4b952d8
qd498d30a,dd4bd2e3a
qd498d30a,dd49732c0
qd498d30a,dd4bb416a
qd498a826,dd49869a6
qd498a826,dd4bb8602
qd498a826,dd4b9df82
qd498a826,dd4bbd5e4
qd498a826,dd4bbc31a
qd498a826,dd4ba75b4
qd498a826,dd496dc80
qd498a826,dd4be6340
qd498a826,dd4bde26c
qd498a826,dd4be90a4
qd497e5a8,dd4bcbde2
qd497e5a8,dd4bacaf0
qd497e5a8,dd4c03b7a
qd497e5a8,dd4c2e726
qd497e5a8,dd4bd3484
qd497e5a8,dd4bad842
qd497e5a8,dd496d938
qd497e5a8,dd4b9445a
qd497e5a8,dd497fb38
qd497e5a8,dd4ba3e6e
qd498e282,dd49785cc
qd498e282,dd497567e
qd498e282,dd4c1fdac
qd498e282,dd4bf4666
qd498e282,dd4c59dea
qd498e282,dd4c5eb9c
qd498e282,dd4c22ebc
qd498e282,dd4c098ea
qd498e282,dd496fd78
qd498e282,dd4bab3e4
qd496f2b0,dd4b95e86
qd496f2b0,dd4b920e2
qd496f2b0,dd4b92b32
qd496f2b0,dd4b9d410
qd496f2b0,dd4bc36b0
qd496f2b0,dd4bc9a9c
qd496f2b0,dd4c5f3b2
qd496f2b0,dd4bf7820
qd496f2b0,dd4c2578e
qd496f2b0,dd4bd3d9e
qd4970778,dd4bca866
qd4970778,dd4bbc040
qd4970778,dd4c0ce78
qd4970778,dd4c63b10
qd4970778,dd4bce1c8
qd4970778,dd4b8bf1c
qd4970778,dd4c439dc
qd4970778,dd4b9b93a
qd4970778,dd4985452
qd4970778,dd49707dc
qd498fbaa,dd4c31ebc
qd498fbaa,dd4c596a6
qd498fbaa,dd4bc0f5a
qd498fbaa,dd4b90684
qd498fbaa,dd4bfd69e
qd498fbaa,dd4b8b4d6
qd498fbaa,dd4bfabec
qd498fbaa,dd4bd1de6
qd498fbaa,dd4b91e44
qd498fbaa,dd4bb5402
qd4976fc4,dd4bbc202
qd4976fc4,dd4982158
qd4976fc4,dd4c4a2c8
qd4976fc4,dd4bcee8e
qd4976fc4,dd4bbb276
qd4976fc4,dd4be4e3c
qd4976fc4,dd4b8db3c
qd4976fc4,dd4976a9c
qd4976fc4,dd4c4f7aa
qd4976fc4,dd497b9d4
qd4984fac,dd4c52d60
qd4984fac,dd4c42c8a
qd4984fac,dd4b97e7a
qd4984fac,dd4c439dc
qd4984fac,dd4c5923c
qd4984fac,dd4c37498
qd4984fac,dd4bfdaea
qd4984fac,dd4b8dd76
qd4984fac,dd4c04f66
qd4984fac,dd4c545b6
qd49886d4,dd4c2403c
qd49886d4,dd4bd3484
qd49886d4,dd4b920e2
qd49886d4,dd4984962
qd49886d4,dd4c2578e
qd49886d4,dd4ba398c
qd49886d4,dd4bcd4da
qd49886d4,dd4978892
qd49886d4,dd4bcbb1c
qd49886d4,dd4b92b32
qd497a0fc,dd4c31ebc
qd497a0fc,dd497a156
qd497a0fc,dd497d036
qd497a0fc,dd4c17f9e
qd497a0fc,dd4c65154
qd497a0fc,dd4b95fc6
qd497a0fc,dd4c111ee
qd497a0fc,dd4bd711a
qd497a0fc,dd4bddb28
qd497a0fc,dd4bcaf0a
qd4983918,dd497da9a
qd4983918,dd497340a
qd4983918,dd4bf8c16
qd4983918,dd4b94266
qd4983918,dd4be27ae
qd4983918,dd4b96f16
qd4983918,dd4c4a3cc
qd4983918,dd4972226
qd4983918,dd4bbf27c
qd4983918,dd4be90a4
qd497b650,dd497b6a0
qd497b650,dd4b8ea14
qd497b650,dd49732c0
qd497b650,dd4c4f5de
qd497b650,dd49741fc
qd497b650,dd4c20130
qd497b650,dd4b8f324
qd497b650,dd49797ec
qd497b650,dd4be2c5e
qd497b650,dd4b9f292
qd498bcda,dd4bc8c64
qd498bcda,dd4c2403c
qd498bcda,dd4b8ef96
qd498bcda,dd4b9c16e
qd498bcda,dd4979b84
qd498bcda,dd4b957d8
qd498bcda,dd4bcbb1c
qd498bcda,dd4c40034
qd498bcda,dd4bf341e
qd498bcda,dd4bb3742
qd4981776,dd4c63b10
qd4981776,dd4bca866
qd4981776,dd4b9b93a
qd4981776,dd4bbc040
qd4981776,dd4bce1c8
qd4981776,dd4b87912
qd4981776,dd4c04b4c
qd4981776,dd4c0ce78
qd4981776,dd497c870
qd4981776,dd4984020
qd498e372,dd49797ec
qd498e372,dd4c37dd0
qd498e372,dd4b9f292
qd498e372,dd4c44418
qd498e372,dd496d7c6
qd498e372,dd498af42
qd498e372,dd4b9e234
qd498e372,dd4bf06ba
qd498e372,dd497587c
qd498e372,dd497d298
qd496e64e,dd4bdac8e
qd496e64e,dd4b952d8
qd496e64e,dd4c002fe
qd496e64e,dd4c4d824
qd496e64e,dd4b8d844
qd496e64e,dd4b8d65a
qd496e64e,dd4c55cc2
qd496e64e,dd4bb416a
qd496e64e,dd4c47e6a
qd496e64e,dd4c32a74
qd49708fe,dd4c5a20e
qd49708fe,dd4c42172
qd49708fe,dd4c1e8a8
qd49708fe,dd4970944
qd49708fe,dd4baa23c
qd49708fe,dd4bd7228
qd49708fe,dd497e760
qd49708fe,dd4bc2e5e
qd49708fe,dd4b95daa
qd49708fe,dd4c01ae6
qd498abe6,dd4bbae02
qd498abe6,dd4ba3590
qd498abe6,dd49736c6
qd498abe6,dd4b87b10
qd498abe6,dd497875c
qd498abe6,dd4bd6166
qd498abe6,dd4c4e0f8
qd498abe6,dd497ff02
qd498abe6,dd4b8c6e2
qd498abe6,dd4bdad7e
qd497d266,dd497d298
qd497d266,dd4c4c726
qd497d266,dd4c1eb78
qd497d266,dd496fd78
qd497d266,dd4bb9b92
qd497d266,dd4c5c6e4
qd497d266,dd4c44418
qd497d266,dd4c37dd0
qd497d266,dd4bf3ee6
qd497d266,dd4b8c5c0
qd497a84a,dd4bc6b26
qd497a84a,dd4c5c3b0
qd497a84a,dd4973d88
qd497a84a,dd4bad842
qd497a84a,dd4c17616
qd497a84a,dd4be9c84
qd497a84a,dd4b89ff0
qd497a84a,dd4bdb65c
qd497a84a,dd4c47582
qd497a84a,dd4be0b84
qd4983c4c,dd4bdeac8
qd4983c4c,dd4b9b93a
qd4983c4c,dd4b9da64
qd4983c4c,dd4984020
qd4983c4c,dd4b87912
qd4983c4c,dd4b90bb6
qd4983c4c,dd4bc2044
qd4983c4c,dd4ba4152
qd4983c4c,dd4c1cc9c
qd4983c4c,dd4bccc06
qd49714d4,dd4b8eafa
qd49714d4,dd4b8e8f2
qd49714d4,dd4971510
qd49714d4,dd4b894d8
qd49714d4,dd4ba0ca0
qd49714d4,dd4b95cc4
qd49714d4,dd4c4c53c
qd49714d4,dd4c2403c
qd49714d4,dd4985452
qd49714d4,dd4b982d0
qd498f204,dd4c439dc
qd498f204,dd4c3d8a2
qd498f204,dd496c81c
qd498f204,dd4bb1d3e
qd498f204,dd4b979de
qd498f204,dd4ba057a
qd498f204,dd4c14146
qd498f204,dd4980376
qd498f204,dd4b8cc96
qd498f204,dd4c087b0
qd497dcde,dd4c55cc2
qd497dcde,dd4bdac8e
qd497dcde,dd4bb416a
qd497dcde,dd496e694
qd497dcde,dd4bc86ce
qd497dcde,dd4b952d8
qd497dcde,dd4b8d844
qd497dcde,dd4bd2e3a
qd497dcde,dd4c4d824
qd497dcde,dd4b8d65a
qd497f9bc,dd4bafc78
qd497f9bc,dd4b9ec5c
qd497f9bc,dd4bbf380
qd497f9bc,dd4c528e2
qd497f9bc,dd4bef5da
qd497f9bc,dd4bb7270
qd497f9bc,dd497b9d4
qd497f9bc,dd4b9445a
qd497f9bc,dd4c5937c
qd497f9bc,dd4c323bc
qd496cb6e,dd4b9c16e
qd496cb6e,dd4c0aa92
qd496cb6e,dd4bdd6dc
qd496cb6e,dd4bc2044
qd496cb6e,dd4b96e3a
qd496cb6e,dd4bcc45e
qd496cb6e,dd4bd1d0a
qd496cb6e,dd4c520b8
qd496cb6e,dd4b90bb6
qd496cb6e,dd498cefa
qd497ec92,dd4c0ce78
qd497ec92,dd4bbf650
qd497ec92,dd4c02568
qd497ec92,dd4c439dc
qd497ec92,dd497d298
qd497ec92,dd4bbc040
qd497ec92,dd4c63b10
qd497ec92,dd4b8e046
qd497ec92,dd4bcdaf2
qd497ec92,dd4ba0908
qd496d8f2,dd496d938
qd496d8f2,dd4b912fa
qd496d8f2,dd4c602bc
qd496d8f2,dd4bc1504
qd496d8f2,dd4ba3e6e
qd496d8f2,dd4ba91e8
qd496d8f2,dd4bc0dd4
qd496d8f2,dd4bb66cc
qd496d8f2,dd4b933fc
qd496d8f2,dd4c247c6
qd498103c,dd4981082
qd498103c,dd4c04688
qd498103c,dd4bda464
qd498103c,dd4bdc4da
qd498103c,dd4bc5ca8
qd498103c,dd4c55682
qd498103c,dd4ba72a8
qd498103c,dd4bde83e
qd498103c,dd4bddb28
qd498103c,dd4976010
qd498043e,dd4b87796
qd498043e,dd4b9d0b4
qd498043e,dd4bc654a
qd498043e,dd4ba057a
qd498043e,dd4c0e6ec
qd498043e,dd4bb26d0
qd498043e,dd4bbec82
qd498043e,dd498048e
qd498043e,dd4bb1d3e
qd498043e,dd4bd2732
qd4980f24,dd4980f7e
qd4980f24,dd4c355f8
qd4980f24,dd4bc8c64
qd4980f24,dd4c5f3b2
qd4980f24,dd4b8ebcc
qd4980f24,dd4c20c52
qd4980f24,dd4b8ef96
qd4980f24,dd4bbb564
qd4980f24,dd4c6528a
qd4980f24,dd4bd938e
qd4977be0,dd4c4f5de
qd4977be0,dd4bb885a
qd4977be0,dd4ba8144
qd4977be0,dd4977c4e
qd4977be0,dd4bc80a2
qd4977be0,dd4971178
qd4977be0,dd4b9d410
qd4977be0,dd4c2fb80
qd4977be0,dd4bc28d2
qd4977be0,dd4c5f09c
qd498a100,dd4984962
qd498a100,dd4b8ebcc
qd498a100,dd4c5bc8a
qd498a100,dd4b920e2
qd498a100,dd4bac14a
qd498a100,dd4bbb564
qd498a100,dd4bbe84a
qd498a100,dd4c544d0
qd498a100,dd4b92b32
qd498a100,dd4bb7108
qd4975fb6,dd4bb82e2
qd4975fb6,dd4c4d108
qd4975fb6,dd4bccb34
qd4975fb6,dd4bd2822
qd4975fb6,dd4c3eb94
qd4975fb6,dd4bd938e
qd4975fb6,dd4980f7e
qd4975fb6,dd4c4cc62
qd4975fb6,dd4ba2c44
qd4975fb6,dd4c439dc
qd49763a8,dd49763da
qd49763a8,dd4bca168
qd49763a8,dd4989e76
qd49763a8,dd4be7d3a
qd49763a8,dd4c41a88
qd49763a8,dd4bda02c
qd49763a8,dd497a3f4
qd49763a8,dd4c00dee
qd49763a8,dd4c5a20e
qd49763a8,dd4b95cc4
qd4985f56,dd4ba2d20
qd4985f56,dd4985fd8
qd4985f56,dd4bb04e8
qd4985f56,dd4c2093c
qd4985f56,dd4be9d60
qd4985f56,dd4b88bfa
qd4985f56,dd4bcb0cc
qd4985f56,dd4bad180
qd4985f56,dd4c4249c
qd4985f56,dd4c58b02
qd4983652,dd4983698
qd4983652,dd4c1fcb2
qd4983652,dd4bcb2de
qd4983652,dd4bb7108
qd4983652,dd4bcf62c
qd4983652,dd4c0ad08
qd4983652,dd4bcab5e
qd4983652,dd49827d4
qd4983652,dd4be6fe8
qd4983652,dd4c53d0a
qd4975822,dd497587c
qd4975822,dd49899f8
qd4975822,dd4bdb968
qd4975822,dd4b8ae64
qd4975822,dd4b9f292
qd4975822,dd49797ec
qd4975822,dd4ba5fa2
qd4975822,dd4ba122c
qd4975822,dd4c580b2
qd4975822,dd4c37dd0
qd49846ec,dd4c2403c
qd49846ec,dd4c4af66
qd49846ec,dd4b9f292
qd49846ec,dd4c20130
qd49846ec,dd4c00844
qd49846ec,dd4bfc5c8
qd49846ec,dd496e8ec
qd49846ec,dd4b9cec0
qd49846ec,dd4bd1de6
qd49846ec,dd4bf3ee6
qd49798f0,dd496fd78
qd49798f0,dd4c3c8e4
qd49798f0,dd4972b86
qd49798f0,dd4baed28
qd49798f0,dd4bb2b58
qd49798f0,dd4bad4e6
qd49798f0,dd4b9a63e
qd49798f0,dd497774e
qd49798f0,dd496ddd4
qd49798f0,dd497d504
qd497c3de,dd4c5a20e
qd497c3de,dd4c42172
qd497c3de,dd4970944
qd497c3de,dd4bdec9e
qd497c3de,dd4b8cc96
qd497c3de,dd4be2b32
qd497c3de,dd4bee7ac
qd497c3de,dd4becf7e
qd497c3de,dd4bd7228
qd497c3de,dd4bcff28
qd4974012,dd4c57766
qd4974012,dd4bcef88
qd4974012,dd4bb50d8
qd4974012,dd4c5141a
qd4974012,dd4bb4796
qd4974012,dd4bb04e8
qd4974012,dd4b908e6
qd4974012,dd497d14e
qd4974012,dd4b8cb06
qd4974012,dd4c4f084
qd4987018,dd49870ae
qd4987018,dd4ba543a
qd4987018,dd4972226
qd4987018,dd4b9a63e
qd4987018,dd4ba9d28
qd4987018,dd4c32ede
qd4987018,dd4baa548
qd4987018,dd4b89762
qd4987018,dd4c39c3e
qd4987018,dd4bb216c
qd498b06e,dd49891e2
qd498b06e,dd4c41a88
qd498b06e,dd4c4ed78
qd498b06e,dd4c558b2
qd498b06e,dd4c5fd4e
qd498b06e,dd4c52716
qd498b06e,dd4bddb28
qd498b06e,dd4be623c
qd498b06e,dd4bd4078
qd498b06e,dd4983832
qd49860dc,dd4975e94
qd49860dc,dd4b8e64a
qd49860dc,dd4ba83ec
qd49860dc,dd4b8b29c
qd49860dc,dd4c22fb6
qd49860dc,dd4bd52b6
qd49860dc,dd4c52298
qd49860dc,dd4bf189e
qd49860dc,dd4ba043a
qd49860dc,dd4c4ac6e
qd498aee8,dd497d298
qd498aee8,dd4c37dd0
qd498aee8,dd498af42
qd498aee8,dd4b9e234
qd498aee8,dd4c44418
qd498aee8,dd4bcdaf2
qd498aee8,dd49797ec
qd498aee8,dd4bf06ba
qd498aee8,dd496fd78
qd498aee8,dd4b9f292
qd497f0a2,dd4bd4618
qd497f0a2,dd4bb6a78
qd497f0a2,dd4bbc31a
qd497f0a2,dd496dc80
qd497f0a2,dd4ba28b6
qd497f0a2,dd4bc7a6c
qd497f0a2,dd4bcc1f2
qd497f0a2,dd4b9ea7c
qd497f0a2,dd4c45e44
qd497f0a2,dd4bad842
qd4972f78,dd4bd8682
qd4972f78,dd4972fd2
qd4972f78,dd4c33f0a
qd4972f78,dd4c65c30
qd4972f78,dd4ba02f0
qd4972f78,dd4bc7eb8
qd4972f78,dd498f254
qd4972f78,dd4bdc084
qd4972f78,dd4ba043a
qd4972f78,dd4c1ca1c
qd49768da,dd4bdd286
qd49768da,dd497ccb2
qd49768da,dd497692a
qd49768da,dd4c2403c
qd49768da,dd4b9c16e
qd49768da,dd4bb3742
qd49768da,dd4bb66cc
qd49768da,dd4b8f842
qd49768da,dd4979b84
qd49768da,dd4b9fe5e
qd498a218,dd4c5739c
qd498a218,dd4c2a0d6
qd498a218,dd4988c1a
qd498a218,dd496ca2e
qd498a218,dd4c4d248
qd498a218,dd498af42
qd498a218,dd4c54a20
qd498a218,dd4b918b8
qd498a218,dd4b9cbaa
qd498a218,dd4c53f26
qd4970bd8,dd4c65c30
qd4970bd8,dd4c1ca1c
qd4970bd8,dd4bdc084
qd4970bd8,dd4b9cde4
qd4970bd8,dd4bff354
qd4970bd8,dd4b8eece
qd4970bd8,dd4b89942
qd4970bd8,dd4b9dec4
qd4970bd8,dd4bd4262
qd4970bd8,dd4c36fde
qd497780c,dd4bb82e2
qd497780c,dd4b87b10
qd497780c,dd4bc6856
qd497780c,dd4975250
qd497780c,dd4c52d60
qd497780c,dd4c5923c
qd497780c,dd4bd2822
qd497780c,dd4c04f66
qd497780c,dd4c558b2
qd497780c,dd4983832
qd4980c18,dd4c4a82c
qd4980c18,dd4980c68
qd4980c18,dd4bec3f8
qd4980c18,dd4bb407a
qd4980c18,dd4ba2eba
qd4980c18,dd4bc783c
qd4980c18,dd4be858c
qd4980c18,dd4c4f3d6
qd4980c18,dd4c276ce
qd4980c18,dd4baef9e
qd4984214,dd4c03b7a
qd4984214,dd4bb3742
qd4984214,dd4bacaf0
qd4984214,dd4bd3484
qd4984214,dd4c2e726
qd4984214,dd4c2403c
qd4984214,dd4c4a3cc
qd4984214,dd4bb14b0
qd4984214,dd4bb66cc
qd4984214,dd4c5baf0
qd497ef44,dd4c4cc62
qd497ef44,dd4bd938e
qd497ef44,dd4bb82e2
qd497ef44,dd4c545b6
qd497ef44,dd4b982d0
qd497ef44,dd4c02568
qd497ef44,dd4bfae9e
qd497ef44,dd4c3eb94
qd497ef44,dd4bd2822
qd497ef44,dd4bbf650
qd496da50,dd4ba8662
qd496da50,dd4c248b6
qd496da50,dd4974328
qd496da50,dd4c17a26
qd496da50,dd4b994c8
qd496da50,dd4ba302c
qd496da50,dd4c09a2a
qd496da50,dd4b8c25a
qd496da50,dd4bd74e4
qd496da50,dd4b8f324
qd496dd84,dd496ddd4
qd496dd84,dd4be687c
qd496dd84,dd4bb2b58
qd496dd84,dd4c5d0f8
qd496dd84,dd4bcfe2e
qd496dd84,dd4bb3d8c
qd496dd84,dd49707dc
qd496dd84,dd4c5d80a
qd496dd84,dd4c5ec82
qd496dd84,dd4bccc06
qd4977f3c,dd4c2403c
qd4977f3c,dd4bb66cc
qd4977f3c,dd4979b84
qd4977f3c,dd4bb5402
qd4977f3c,dd4bdddee
qd4977f3c,dd4b9445a
qd4977f3c,dd4bd1de6
qd4977f3c,dd4b90814
qd4977f3c,dd4c527f2
qd4977f3c,dd4bc15d6
qd496d596,dd4c25324
qd496d596,dd4bb5506
qd496d596,dd4be026a
qd496d596,dd4c4c91a
qd496d596,dd4c4f7aa
qd496d596,dd4b87d18
qd496d596,dd4bb016e
qd496d596,dd4c0119a
qd496d596,dd4bb0bb4
qd496d596,dd4b8db3c
qd4990190,dd49901cc
qd4990190,dd4bec0ec
qd4990190,dd4b95daa
qd4990190,dd4b94b76
qd4990190,dd4c6501e
qd4990190,dd4c5750e
qd4990190,dd4bbc202
qd4990190,dd4b9fe5e
qd4990190,dd4be7d3a
qd4990190,dd4bbe0d4
qd496d758,dd4b8af54
qd496d758,dd4b9af30
qd496d758,dd4c02bbc
qd496d758,dd4bb3648
qd496d758,dd4c10fc8
qd496d758,dd4c4dea0
qd496d758,dd4b8b4d6
qd496d758,dd4bdc4da
qd496d758,dd4c04688
qd496d758,dd4bf7820
qd497264a,dd4bc45a6
qd497264a,dd4bdb65c
qd497264a,dd4bbd300
qd497264a,dd4bf094e
qd497264a,dd49749cc
qd497264a,dd4c0ce78
qd497264a,dd4974328
qd497264a,dd4c17616
qd497264a,dd4c248b6
qd497264a,dd4987432
qd49863d4,dd4bc9a9c
qd49863d4,dd4bd3d9e
qd49863d4,dd4bb7108
qd49863d4,dd4b93f5a
qd49863d4,dd4b96ca0
qd49863d4,dd4b92d62
qd49863d4,dd4ba4e36
qd49863d4,dd4bb0038
qd49863d4,dd4bcd5f2
qd49863d4,dd4b96bce
qd498c194,dd49797ec
qd498c194,dd4b9f292
qd498c194,dd4c37dd0
qd498c194,dd498af42
qd498c194,dd4c00056
qd498c194,dd4bf8928
qd498c194,dd4ba5fa2
qd498c194,dd4bf06ba
qd498c194,dd4c44418
qd498c194,dd4b9e234
qd498f6f0,dd4bcc7c4
qd498f6f0,dd4bb885a
qd498f6f0,dd498f754
qd498f6f0,dd4c5f09c
qd498f6f0,dd4c4f5de
qd498f6f0,dd4b94ed2
qd498f6f0,dd4ba043a
qd498f6f0,dd4b8c340
qd498f6f0,dd4b912fa
qd498f6f0,dd4bbcce8
qd497b11e,dd4c4e62a
qd497b11e,dd4b92be6
qd497b11e,dd4bb5efc
qd497b11e,dd4b8b4d6
qd497b11e,dd4b95fc6
qd497b11e,dd4c31ebc
qd497b11e,dd4bfd69e
qd497b11e,dd4bd3d9e
qd497b11e,dd4c65154
qd497b11e,dd4c2131e
qd496d2b2,dd4979a3a
qd496d2b2,dd4b915f2
qd496d2b2,dd4b94720
qd496d2b2,dd4baa084
qd496d2b2,dd4b900b2
qd496d2b2,dd498f754
qd496d2b2,dd4b995e0
qd496d2b2,dd4b9f4ea
qd496d2b2,dd4c09098
qd496d2b2,dd4bcc7c4
qd496e252,dd49899f8
qd496e252,dd49797ec
qd496e252,dd4bd7caa
qd496e252,dd4c580b2
qd496e252,dd4bce3c6
qd496e252,dd4bec2fe
qd496e252,dd4c539b8
qd496e252,dd4c37dd0
qd496e252,dd4b8ae64
qd496e252,dd4bcdcaa
qd497019c,dd4c17a26
qd497019c,dd4ba8662
qd497019c,dd4c248b6
qd497019c,dd4974328
qd497019c,dd4c09a2a
qd497019c,dd4bf094e
qd497019c,dd4b994c8
qd497019c,dd4b8f324
qd497019c,dd4ba302c
qd497019c,dd4987432
qd497bf38,dd4971510
qd497bf38,dd4b894d8
qd497bf38,dd4c4c53c
qd497bf38,dd4c4a2c8
qd497bf38,dd4bcff28
qd497bf38,dd4bb5506
qd497bf38,dd4c5a20e
qd497bf38,dd4b8f518
qd497bf38,dd4982158
qd497bf38,dd4bbc202
qd49733ce,dd4c16536
qd49733ce,dd4c4f7aa
qd49733ce,dd4b917dc
qd49733ce,dd4c4a2c8
qd49733ce,dd4c6501e
qd49733ce,dd497340a
qd49733ce,dd4be026a
qd49733ce,dd4b95cc4
qd49733ce,dd4bc0884
qd49733ce,dd4bae6b6
qd49730fe,dd4c49468
qd49730fe,dd4b8f324
qd49730fe,dd4b994c8
qd49730fe,dd497314e
qd49730fe,dd4bb82e2
qd49730fe,dd49732c0
qd49730fe,dd4c4ed78
qd49730fe,dd4baf0de
qd49730fe,dd4ba543a
qd49730fe,dd4bdfd38
qd4976632,dd497edaa
qd4976632,dd4976682
qd4976632,dd4b88aa6
qd4976632,dd4b8c4ee
qd4976632,dd4c15da2
qd4976632,dd4bf89fa
qd4976632,dd4bb340e
qd4976632,dd4bccf58
qd4976632,dd4b96ca0
qd4976632,dd4bc2f30
qd497dbb2,dd496dc80
qd497dbb2,dd4b954d6
qd497dbb2,dd4ba75b4
qd497dbb2,dd4ba9d28
qd497dbb2,dd498655a
qd497dbb2,dd4be90a4
qd497dbb2,dd4bf43a0
qd497dbb2,dd4bc7a6c
qd497dbb2,dd4b8df74
qd497dbb2,dd4bbc31a
qd498e02a,dd4bce1c8
qd498e02a,dd4ba543a
qd498e02a,dd4c4cf78
qd498e02a,dd4c3cc86
qd498e02a,dd4befb5c
qd498e02a,dd4bd7b9c
qd498e02a,dd4979602
qd498e02a,dd4bb5d12
qd498e02a,dd4c4b0a6
qd498e02a,dd4c05bc8
qd498c572,dd4c4eac6
qd498c572,dd4975250
qd498c572,dd4b8f1c6
qd498c572,dd4ba7f28
qd498c572,dd4b8cc96
qd498c572,dd4c65c30
qd498c572,dd4bade46
qd498c572,dd4983832
qd498c572,dd4c1ca1c
qd498c572,dd4bdc084
qd498c7b6,dd4bdfb4e
qd498c7b6,dd4bd938e
qd498c7b6,dd497e760
qd498c7b6,dd4c5a20e
qd498c7b6,dd4be7d3a
qd498c7b6,dd4c14cea
qd498c7b6,dd4970944
qd498c7b6,dd496d5d2
qd498c7b6,dd4c42172
qd498c7b6,dd4b99900
qd49764fc,dd4b900b2
qd49764fc,dd4b915f2
qd49764fc,dd4b94720
qd49764fc,dd4c09098
qd49764fc,dd4b9f4ea
qd49764fc,dd4b995e0
qd49764fc,dd4979a3a
qd49764fc,dd4baa084
qd49764fc,dd4c10ae6
qd49764fc,dd4bc9a9c
qd49754ee,dd4b9cde4
qd49754ee,dd4c1ca1c
qd49754ee,dd4ba02f0
qd49754ee,dd4ba043a
qd49754ee,dd4bdc084
qd49754ee,dd4c33230
qd49754ee,dd4bb3742
qd49754ee,dd4c36fde
qd49754ee,dd4c65c30
qd49754ee,dd4bcee8e
qd498a38a,dd4bdf86a
qd498a38a,dd4bda02c
qd498a38a,dd4975e94
qd498a38a,dd4b936f4
qd498a38a,dd4b9d410
qd498a38a,dd4c195b0
qd498a38a,dd4c4b6be
qd498a38a,dd4ba043a
qd498a38a,dd4c4f930
qd498a38a,dd4c57b08
qd498e4da,dd498e52a
qd498e4da,dd4ba4e36
qd498e4da,dd4bd4078
qd498e4da,dd4c56f32
qd498e4da,dd4b90774
qd498e4da,dd4bebffc
qd498e4da,dd4baf3ea
qd498e4da,dd4be9338
qd498e4da,dd4bc774c
qd498e4da,dd4b918b8
qd497ddba,dd4c37dd0
qd497ddba,dd4c5d6ca
qd497ddba,dd4bf06ba
qd497ddba,dd4c558b2
qd497ddba,dd4c44418
qd497ddba,dd4ba4e36
qd497ddba,dd4bcdcaa
qd497ddba,dd4b9f292
qd497ddba,dd49797ec
qd497ddba,dd4bbad1c
qd497ac6e,dd497a3f4
qd497ac6e,dd4989e76
qd497ac6e,dd4c538a0
qd497ac6e,dd4c4d824
qd497ac6e,dd4bcee8e
qd497ac6e,dd49763da
qd497ac6e,dd4b86f44
qd497ac6e,dd4ba8144
qd497ac6e,dd4bbc8f6
qd497ac6e,dd4bc2e5e
qd498bb90,dd4be9ad6
qd498bb90,dd4c19cae
qd498bb90,dd4b9cec0
qd498bb90,dd4bb216c
qd498bb90,dd4bc7a6c
qd498bb90,dd4b87340
qd498bb90,dd4ba9d28
qd498bb90,dd49781f8
qd498bb90,dd4c39c3e
qd498bb90,dd4baa548
qd49806fa,dd4c3a59e
qd49806fa,dd4bd3d9e
qd49806fa,dd4c63502
qd49806fa,dd4980772
qd49806fa,dd4bd1de6
qd49806fa,dd4b8ebcc
qd49806fa,dd4c5f3b2
qd49806fa,dd4c2e58c
qd49806fa,dd4b9c40c
qd49806fa,dd4b8ef96
qd497ae62,dd4be2862
qd497ae62,dd4c0831e
qd497ae62,dd4c57c52
qd497ae62,dd4ba8856
qd497ae62,dd4c1f226
qd497ae62,dd497d504
qd497ae62,dd4bb9b92
qd497ae62,dd498655a
qd497ae62,dd4b954d6
qd497ae62,dd4bca6ea
qd4985b64,dd4982158
qd4985b64,dd4b973b2
qd4985b64,dd4c4a2c8
qd4985b64,dd4bbc202
qd4985b64,dd4be4e3c
qd4985b64,dd4c4ee72
qd4985b64,dd4bac046
qd4985b64,dd4bc7b52
qd4985b64,dd4976a9c
qd4985b64,dd4c4f7aa
qd4988ff8,dd4be0a9e
qd4988ff8,dd4bc000a
qd4988ff8,dd49732c0
qd4988ff8,dd4bec6e6
qd4988ff8,dd4b8d65a
qd4988ff8,dd4b952d8
qd4988ff8,dd4c55cc2
qd4988ff8,dd4bdac8e
qd4988ff8,dd4c002fe
qd4988ff8,dd4bc86ce
qd49857c2,dd4ba2eba
qd49857c2,dd4980c68
qd49857c2,dd4bb407a
qd49857c2,dd4bec3f8
qd49857c2,dd4bc783c
qd49857c2,dd4be858c
qd49857c2,dd4c4a82c
qd49857c2,dd4c276ce
qd49857c2,dd4c439dc
qd49857c2,dd4baef9e
qd497f2fa,dd4b9cec0
qd497f2fa,dd4bc0bea
qd497f2fa,dd4b87796
qd497f2fa,dd4b8e046
qd497f2fa,dd4be2862
qd497f2fa,dd4bb9b92
qd497f2fa,dd4b92614
qd497f2fa,dd4b9ea7c
qd497f2fa,dd4bfabec
qd497f2fa,dd4ba043a
qd4980d76,dd4bf8c16
qd4980d76,dd4bf481e
qd4980d76,dd4bcc1f2
qd4980d76,dd4bdd6dc
qd4980d76,dd4b9cec0
qd4980d76,dd4bbd5e4
qd4980d76,dd4c3af26
qd4980d76,dd4b9e068
qd4980d76,dd4b9cccc
qd4980d76,dd4b92614
qd498664a,dd4980c68
qd498664a,dd4bec3f8
qd498664a,dd4ba2eba
qd498664a,dd4bb407a
qd498664a,dd4be858c
qd498664a,dd4bc783c
qd498664a,dd4c4a82c
qd498664a,dd4baef9e
qd498664a,dd4c276ce
qd498664a,dd4c393a6
qd498b85c,dd4b8ebcc
qd498b85c,dd4bbb564
qd498b85c,dd4bb3742
qd498b85c,dd4bac14a
qd498b85c,dd4b8ef96
qd498b85c,dd4c58e5e
qd498b85c,dd4c109d8
qd498b85c,dd4c43efa
qd498b85c,dd4ba02f0
qd498b85c,dd4c544d0
qd497c15e,dd4b92f10
qd497c15e,dd4b87a02
qd497c15e,dd4ba3e6e
qd497c15e,dd4ba91e8
qd497c15e,dd4b8ebcc
qd497c15e,dd4bc0adc
qd497c15e,dd4bd1de6
qd497c15e,dd4c109d8
qd497c15e,dd4bfabec
qd497c15e,dd4bcd5f2
qd497915c,dd4bcd6a6
qd497915c,dd4bd103a
qd497915c,dd4c4b376
qd497915c,dd4b9af30
qd497915c,dd4bba4f2
qd497915c,dd4bcff28
qd497915c,dd4c14146
qd497915c,dd4bb6a78
qd497915c,dd496df64
qd497915c,dd497a796
qd4974ac6,dd4974b0c
qd4974ac6,dd4c37cfe
qd4974ac6,dd4c19cae
qd4974ac6,dd4bbc31a
qd4974ac6,dd4baa548
qd4974ac6,dd4bc0bea
qd4974ac6,dd4bc7db4
qd4974ac6,dd4ba203c
qd4974ac6,dd4ba28b6
qd4974ac6,dd4bb1e4c
qd4976b96,dd4971510
qd4976b96,dd4b894d8
qd4976b96,dd4bcff28
qd4976b96,dd4c4c53c
qd4976b96,dd4c0e6ec
qd4976b96,dd4c14146
qd4976b96,dd4c42172
qd4976b96,dd4bb6a78
qd4976b96,dd4c2f5a4
qd4976b96,dd4be6340
qd4980b0a,dd4c4f930
qd4980b0a,dd4b95e86
qd4980b0a,dd4988c1a
qd4980b0a,dd4beb516
qd4980b0a,dd4c2578e
qd4980b0a,dd4c5f3b2
qd4980b0a,dd4b91e44
qd4980b0a,dd4c5adf8
qd4980b0a,dd4c55484
qd4980b0a,dd4bce2b8
qd498e174,dd49797ec
qd498e174,dd4c5d6ca
qd498e174,dd4b9f292
qd498e174,dd4ba043a
qd498e174,dd4c23f60
qd498e174,dd49899f8
qd498e174,dd4c539b8
qd498e174,dd4bec2fe
qd498e174,dd4b8da4c
qd498e174,dd4b9e234
qd497611e,dd4c5d6ca
qd497611e,dd498d03a
qd497611e,dd4bcdcaa
qd497611e,dd4c539b8
qd497611e,dd496d7c6
qd497611e,dd49899f8
qd497611e,dd4bec2fe
qd497611e,dd4b89ac8
qd497611e,dd496fd78
qd497611e,dd4b8ae64
qd4989520,dd4c00ad8
qd4989520,dd4bbbab4
qd4989520,dd4c4643e
qd4989520,dd4bcf62c
qd4989520,dd496f968
qd4989520,dd4bc36b0
qd4989520,dd4bfda0e
qd4989520,dd4c0680c
qd4989520,dd4bc314c
qd4989520,dd4c5f3b2
qd4976a60,dd4bc7c60
qd4976a60,dd4976a9c
qd4976a60,dd4c4ee72
qd4976a60,dd4b8f518
qd4976a60,dd496fc06
qd4976a60,dd4bc7b52
qd4976a60,dd4bba6b4
qd4976a60,dd4b8c7be
qd4976a60,dd4bd4820
qd4976a60,dd496d5d2
qd497f700,dd4bd1de6
qd497f700,dd4bb5402
qd497f700,dd4bb66cc
qd497f700,dd4c109d8
qd497f700,dd4bfabec
qd497f700,dd4979b84
qd497f700,dd4c1f514
qd497f700,dd4b8ef96
qd497f700,dd4b90814
qd497f700,dd4bc0adc
qd4982b3a,dd4c4a2c8
qd4982b3a,dd4bbb370
qd4982b3a,dd4c4f7aa
qd4982b3a,dd4971510
qd4982b3a,dd4bcff28
qd4982b3a,dd4c33230
qd4982b3a,dd4c0fb0a
qd4982b3a,dd4c4c53c
qd4982b3a,dd4bb5506
qd4982b3a,dd4bbc202
qd497e238,dd4c4a2c8
qd497e238,dd4c4f7aa
qd497e238,dd4bb5506
qd497e238,dd4b973b2
qd497e238,dd497340a
qd497e238,dd4baed28
qd497e238,dd4982158
qd497e238,dd4bbc202
qd497e238,dd4bbd4e0
qd497e238,dd4bf6f9c
qd498984a,dd4b9445a
qd498984a,dd4b86b98
qd498984a,dd4bc9f60
qd498984a,dd498989a
qd498984a,dd4c0781a
qd498984a,dd4c5937c
qd498984a,dd496d44c
qd498984a,dd4bc6fe0
qd498984a,dd4b933fc
qd498984a,dd4c247c6
qd4990050,dd498048e
qd4990050,dd4bb9458
qd4990050,dd4b96f16
qd4990050,dd4ba81f8
qd4990050,dd4bed046
qd4990050,dd496f968
qd4990050,dd4ba0908
qd4990050,dd4b9da64
qd4990050,dd4c60bae
qd4990050,dd4c0680c
qd49702b4,dd4c0ce78
qd49702b4,dd4bbc040
qd49702b4,dd4bc7db4
qd49702b4,dd4bcf1ae
qd49702b4,dd4c20c52
qd49702b4,dd4bfd414
qd49702b4,dd4b8b29c
qd49702b4,dd4bb6c12
qd49702b4,dd4ba28b6
qd49702b4,dd4970318
qd497ad40,dd4b94ed2
qd497ad40,dd497ad9a
qd497ad40,dd4c66176
qd497ad40,dd4b8c340
qd497ad40,dd4c0781a
qd497ad40,dd4ba9d28
qd497ad40,dd4b9445a
qd497ad40,dd4bbf27c
qd497ad40,dd4be50b2
qd497ad40,dd4c5f09c
qd498eea8,dd497d70c
qd498eea8,dd4b895c8
qd498eea8,dd4b87fde
qd498eea8,dd4c326a0
qd498eea8,dd49753cc
qd498eea8,dd4c31af2
qd498eea8,dd4b9cec0
qd498eea8,dd4c52c70
qd498eea8,dd4bd8b64
qd498eea8,dd4c32b8c
qd497fade,dd4c2403c
qd497fade,dd4984962
qd497fade,dd4b8ebcc
qd497fade,dd4b92b32
qd497fade,dd4bd3484
qd497fade,dd4bcbb1c
qd497fade,dd4bcd4da
qd497fade,dd4c2578e
qd497fade,dd4b920e2
qd497fade,dd4ba398c
qd498dcd8,dd4975e94
qd498dcd8,dd4b9d410
qd498dcd8,dd4b88498
qd498dcd8,dd4b8e64a
qd498dcd8,dd4bb885a
qd498dcd8,dd4c22fb6
qd498dcd8,dd4b8b29c
qd498dcd8,dd4ba83ec
qd498dcd8,dd4ba8144
qd498dcd8,dd4c2e58c
qd4985312,dd4976a9c
qd4985312,dd4bc7c60
qd4985312,dd496d5d2
qd4985312,dd4b8c7be
qd4985312,dd4c4ee72
qd4985312,dd4bd4820
qd4985312,dd496fc06
qd4985312,dd4bc7b52
qd4985312,dd4b8f518
qd4985312,dd4c5eaa2
qd497f46c,dd4b994c8
qd497f46c,dd4974328
qd497f46c,dd497774e
qd497f46c,dd4be687c
qd497f46c,dd4ba4e36
qd497f46c,dd4b8f324
qd497f46c,dd4c248b6
qd497f46c,dd4c5e502
qd497f46c,dd4c282fe
qd497f46c,dd4c09a2a
qd4986f00,dd497587c
qd4986f00,dd49797ec
qd4986f00,dd4c580b2
qd4986f00,dd4ba5fa2
qd4986f00,dd4b8eafa
qd4986f00,dd4bdb968
qd4986f00,dd4b8ae64
qd4986f00,dd4b9f292
qd4986f00,dd4c03814
qd4986f00,dd4c58e5e
qd498df58,dd497e760
qd498df58,dd4c01ae6
qd498df58,dd4bc2e5e
qd498df58,dd4ba5d86
qd498df58,dd4bc2440
qd498df58,dd4bbc8f6
qd498df58,dd4ba02f0
qd498df58,dd4bae31e
qd498df58,dd4c1e8a8
qd498df58,dd4c63502
qd4975be2,dd4bbc31a
qd4975be2,dd4bc6b26
qd4975be2,dd4c5c3b0
qd4975be2,dd4bb6a78
qd4975be2,dd4be9c84
qd4975be2,dd4975c1e
qd4975be2,dd4b9cec0
qd4975be2,dd4bc7a6c
qd4975be2,dd4973d88
qd4975be2,dd4bc15d6
qd4984304,dd4bc62ca
qd4984304,dd4c43efa
qd4984304,dd4b91f52
qd4984304,dd4c29028
qd4984304,dd4c498dc
qd4984304,dd4ba4152
qd4984304,dd4bcc45e
qd4984304,dd4976808
qd4984304,dd4c48b62
qd4984304,dd4bb810c
qd4977708,dd4c3eb94
qd4977708,dd4bd2822
qd4977708,dd4c3010c
qd4977708,dd4bd938e
qd4977708,dd4bb82e2
qd4977708,dd4be27ae
qd4977708,dd4ba0b10
qd4977708,dd4bbf650
qd4977708,dd4c52d60
qd4977708,dd4980f7e
qd498e8b8,dd4bdb65c
qd498e8b8,dd4bf094e
qd498e8b8,dd49749cc
qd498e8b8,dd4baab10
qd498e8b8,dd4bc45a6
qd498e8b8,dd4bbd300
qd498e8b8,dd4c47582
qd498e8b8,dd4c5a7ea
qd498e8b8,dd4ba91e8
qd498e8b8,dd4974328
qd4976e70,dd4bcff28
qd4976e70,dd4bb6a78
qd4976e70,dd4c14146
qd4976e70,dd4ba057a
qd4976e70,dd4ba28b6
qd4976e70,dd4becf7e
qd4976e70,dd4c2bb20
qd4976e70,dd4bcc1f2
qd4976e70,dd4b9fe5e
qd4976e70,dd4bc7a6c
qd4984476,dd49753cc
qd4984476,dd4bb44b2
qd4984476,dd4c2cb10
qd4984476,dd4c1107c
qd4984476,dd4ba4ad0
qd4984476,dd4c326a0
qd4984476,dd4c56316
qd4984476,dd4c57766
qd4984476,dd4bdec9e
qd4984476,dd4c3fcce
qd4975e44,dd4975e94
qd4975e44,dd4c4ac6e
qd4975e44,dd4c4f5de
qd4975e44,dd4b8e64a
qd4975e44,dd4ba8144
qd4975e44,dd4c159ec
qd4975e44,dd4c50e34
qd4975e44,dd4c2e58c
qd4975e44,dd4bb7c52
qd4975e44,dd4c07cfc
qd4976222,dd4c4a82c
qd4976222,dd4bb407a
qd4976222,dd4bec3f8
qd4976222,dd4bc783c
qd4976222,dd4980c68
qd4976222,dd4be858c
qd4976222,dd4b95e86
qd4976222,dd4ba2eba
qd4976222,dd4c14146
qd4976222,dd4c439dc
qd4974bca,dd4bdf86a
qd4974bca,dd4bda02c
qd4974bca,dd4ba043a
qd4974bca,dd4c4b6be
qd4974bca,dd4b9d19a
qd4974bca,dd4b9d410
qd4974bca,dd4c4af66
qd4974bca,dd4c195b0
qd4974bca,dd4981082
qd4974bca,dd4b9ec5c
qd496ccfe,dd4c13e26
qd496ccfe,dd4b8c4ee
qd496ccfe,dd497edaa
qd496ccfe,dd4b9cccc
qd496ccfe,dd4bdbc06
qd496ccfe,dd4b96ca0
qd496ccfe,dd4975d4a
qd496ccfe,dd496cd4e
qd496ccfe,dd4bff188
qd496ccfe,dd4ba898c
qd4974eae,dd4c544d0
qd4974eae,dd4c648e4
qd4974eae,dd4bcb2de
qd4974eae,dd4c1fcb2
qd4974eae,dd4c0ad08
qd4974eae,dd4bb7108
qd4974eae,dd4bac14a
qd4974eae,dd4bd2732
qd4974eae,dd4b94ff4
qd4974eae,dd4be6fe8
qd497596c,dd4c4ba38
qd497596c,dd4b99bf8
qd497596c,dd49759bc
qd497596c,dd4c0aec0
qd497596c,dd4c12896
qd497596c,dd4c11a22
qd497596c,dd4c2d740
qd497596c,dd4c323bc
qd497596c,dd4c26dbe
qd497596c,dd4b957d8
qd4983d78,dd4bf89fa
qd4983d78,dd4c13e26
qd4983d78,dd4bace88
qd4983d78,dd4bd9d20
qd4983d78,dd4bc83ae
qd4983d78,dd4b9cccc
qd4983d78,dd4bc2f30
qd4983d78,dd4c5093e
qd4983d78,dd4bfefa8
qd4983d78,dd4b8e046
qd497c01e,dd4c4f930
qd497c01e,dd4b8b29c
qd497c01e,dd4beb516
qd497c01e,dd4b9d410
qd497c01e,dd4b95e86
qd497c01e,dd4ba043a
qd497c01e,dd4b91e44
qd497c01e,dd4988c1a
qd497c01e,dd4b908e6
qd497c01e,dd4c5adf8
qd4973eb4,dd4b9cec0
qd4973eb4,dd4b9ea7c
qd4973eb4,dd4bc7a6c
qd4973eb4,dd4bdd6dc
qd4973eb4,dd4c26dbe
qd4973eb4,dd4c28ca4
qd4973eb4,dd4bbc31a
qd4973eb4,dd4bc7db4
qd4973eb4,dd4b89762
qd4973eb4,dd4bbd5e4
qd49729a6,dd4972a1e
qd49729a6,dd4bc7db4
qd49729a6,dd4c0831e
qd49729a6,dd4badcd4
qd49729a6,dd4b996e4
qd49729a6,dd497e4cc
qd49729a6,dd4bc0bea
qd49729a6,dd4b91048
qd49729a6,dd4c39c3e
qd49729a6,dd4b9cec0
qd4986230,dd498628a
qd4986230,dd4c31af2
qd4986230,dd4bb9b92
qd4986230,dd4baa548
qd4986230,dd4c53bca
qd4986230,dd4988030
qd4986230,dd4b9cec0
qd4986230,dd4b996e4
qd4986230,dd49797ec
qd4986230,dd4b99f4a
qd498088a,dd4c282fe
qd498088a,dd4ba4e36
qd498088a,dd4be3640
qd498088a,dd4b9c790
qd498088a,dd4976010
qd498088a,dd4bdfd38
qd498088a,dd4ba4fb2
qd498088a,dd4c55682
qd498088a,dd4b8c25a
qd498088a,dd4bdb65c
qd49745d0,dd4bf91ac
qd49745d0,dd4be8910
qd49745d0,dd4974620
qd49745d0,dd4b8d65a
qd49745d0,dd496fd78
qd49745d0,dd4c38834
qd49745d0,dd4bcce18
qd49745d0,dd4b94608
qd49745d0,dd4c53418
qd49745d0,dd4c17b16
qd49837ce,dd4983832
qd49837ce,dd4b9c948
qd49837ce,dd4ba302c
qd49837ce,dd4b8f324
qd49837ce,dd4be27ae
qd49837ce,dd4bf6a7e
qd49837ce,dd496daaa
qd49837ce,dd4c282fe
qd49837ce,dd4c09a2a
qd49837ce,dd4bb82e2
qd497c28a,dd49741fc
qd497c28a,dd497314e
qd497c28a,dd4b8f324
qd497c28a,dd4b9c948
qd497c28a,dd4c247c6
qd497c28a,dd4bb3ea4
qd497c28a,dd498c338
qd497c28a,dd4b93a82
qd497c28a,dd4c4f5de
qd497c28a,dd4ba302c
qd49823ec,dd4c0ce78
qd49823ec,dd497848c
qd49823ec,dd4bbc040
qd49823ec,dd4baa548
qd49823ec,dd4bd74e4
qd49823ec,dd4c5bdf2
qd49823ec,dd498a524
qd49823ec,dd4985452
qd49823ec,dd4c63b10
qd49823ec,dd4be27ae
qd4974fc6,dd4bdeac8
qd4974fc6,dd4984020
qd4974fc6,dd4b91f52
qd4974fc6,dd4bc62ca
qd4974fc6,dd4c43efa
qd4974fc6,dd4c48b62
qd4974fc6,dd4c5923c
qd4974fc6,dd4bdf95a
qd4974fc6,dd4ba4152
qd4974fc6,dd4bccc06
qd497a61a,dd4b96e3a
qd497a61a,dd4bcc45e
qd497a61a,dd4c25234
qd497a61a,dd4bc62ca
qd497a61a,dd4c29028
qd497a61a,dd4c3be4e
qd497a61a,dd4bb810c
qd497a61a,dd4c0fc0e
qd497a61a,dd4976808
qd497a61a,dd4b8e3ac
qd498f592,dd4ba111e
qd498f592,dd4b8af54
qd498f592,dd4977456
qd498f592,dd4c111ee
qd498f592,dd4bfd69e
qd498f592,dd4b920e2
qd498f592,dd4bb44b2
qd498f592,dd4c2dccc
qd498f592,dd4ba1ace
qd498f592,dd4c50f60
qd4984d72,dd4976a9c
qd4984d72,dd4bc7c60
qd4984d72,dd496fc06
qd4984d72,dd4c4ee72
qd4984d72,dd4b8f518
qd4984d72,dd4bc7b52
qd4984d72,dd4bd4820
qd4984d72,dd4b8c7be
qd4984d72,dd4bb7108
qd4984d72,dd496d5d2
qd498338c,dd4b8b4d6
qd498338c,dd4c4e62a
qd498338c,dd4bf7820
qd498338c,dd4b87e12
qd498338c,dd4b8ac48
qd498338c,dd4c2663e
qd498338c,dd4b90684
qd498338c,dd4b8f41e
qd498338c,dd4b95fc6
qd498338c,dd4bd3d9e
qd49851a0,dd4c5e502
qd49851a0,dd4bde26c
qd49851a0,dd4c13e26
qd49851a0,dd4b985b4
qd49851a0,dd4c2f676
qd49851a0,dd4bc3ac0
qd49851a0,dd4baa548
qd49851a0,dd4c32ede
qd49851a0,dd4c39c3e
qd49851a0,dd4b87796
qd4974986,dd4bf094e
qd4974986,dd49749cc
qd4974986,dd4bbd300
qd4974986,dd4bc45a6
qd4974986,dd4974328
qd4974986,dd4c248b6
qd4974986,dd4c17616
qd4974986,dd4c5a7ea
qd4974986,dd4bdb65c
qd4974986,dd4b916e2
qd49830f8,dd4b87796
qd49830f8,dd4be6340
qd49830f8,dd4bb7a0e
qd49830f8,dd4b92614
qd49830f8,dd4bdd6dc
qd49830f8,dd4bcff28
qd49830f8,dd4b9cec0
qd49830f8,dd4bca942
qd49830f8,dd4ba4ad0
qd49830f8,dd4c4e788
qd497a750,dd4c3c6b4
qd497a750,dd497a796
qd497a750,dd4bcb2de
qd497a750,dd4b92614
qd497a750,dd4bd2732
qd497a750,dd4be6fe8
qd497a750,dd4bb42d2
qd497a750,dd4b981e0
qd497a750,dd4bc1e96
qd497a750,dd4c1e48e
qd498290a,dd4ba4e36
qd498290a,dd4ba302c
qd498290a,dd4b994c8
qd498290a,dd4b8f324
qd498290a,dd4c558b2
qd498290a,dd4bf6a7e
qd498290a,dd4bddb28
qd498290a,dd4bdad7e
qd498290a,dd496d5d2
qd498290a,dd4b9306e
qd4988bc0,dd4bdfd38
qd4988bc0,dd4988c1a
qd4988bc0,dd4c00ad8
qd4988bc0,dd4b8c110
qd4988bc0,dd4c024aa
qd4988bc0,dd4ba0eee
qd4988bc0,dd4bc1e96
qd4988bc0,dd4bd2cd2
qd4988bc0,dd4bb05e2
qd4988bc0,dd496f77e
qd497e468,dd4bb14b0
qd497e468,dd4c4f6b0
qd497e468,dd4bb66cc
qd497e468,dd4c04c14
qd497e468,dd4c06532
qd497e468,dd4b8ef96
qd497e468,dd4bc0dd4
qd497e468,dd4c2403c
qd497e468,dd4bbb564
qd497e468,dd4b9c16e
qd4971114,dd4bbb564
qd4971114,dd4bfabec
qd4971114,dd4971178
qd4971114,dd4bc9ca4
qd4971114,dd4c61c98
qd4971114,dd4c4cb72
qd4971114,dd4bb5c2c
qd4971114,dd4c10ae6
qd4971114,dd4bd3d9e
qd4971114,dd4975e94
qd4988954,dd4bbb17c
qd4988954,dd4b912fa
qd4988954,dd4b8ebcc
qd4988954,dd496d938
qd4988954,dd4ba3e6e
qd4988954,dd4b8b29c
qd4988954,dd4ba91e8
qd4988954,dd4bbb564
qd4988954,dd4bb885a
qd4988954,dd4c1bfb8
qd4987fcc,dd4bbe714
qd4987fcc,dd4b94144
qd4987fcc,dd4ba4ad0
qd4987fcc,dd4c23f60
qd4987fcc,dd4bb44b2
qd4987fcc,dd4bce3c6
qd4987fcc,dd4c0fa06
qd4987fcc,dd4b8da4c
qd4987fcc,dd4b8ae64
qd4987fcc,dd4b87c00
qd496e874,dd4b9c16e
qd496e874,dd496cbc8
qd496e874,dd4bdd6dc
qd496e874,dd4bb2f36
qd496e874,dd4bcc45e
qd496e874,dd4bc2044
qd496e874,dd4c1cc9c
qd496e874,dd4970aa2
qd496e874,dd4c598ea
qd496e874,dd4c1fcb2
qd4973946,dd4c2dccc
qd4973946,dd4bd9d20
qd4973946,dd4c4643e
qd4973946,dd4bcdaf2
qd4973946,dd4bb6870
qd4973946,dd4b8c5c0
qd4973946,dd4be669c
qd4973946,dd4bb3648
qd4973946,dd4bf8928
qd4973946,dd4c37dd0
qd498ca04,dd4bb5c2c
qd498ca04,dd4bf9f80
qd498ca04,dd4c5f290
qd498ca04,dd4ba02f0
qd498ca04,dd4bee4e6
qd498ca04,dd4980f7e
qd498ca04,dd4c40034
qd498ca04,dd4b92b32
qd498ca04,dd4c01ae6
qd498ca04,dd4bae31e
qd49892dc,dd4c3c8e4
qd49892dc,dd497d504
qd49892dc,dd4bca6ea
qd49892dc,dd496ddd4
qd49892dc,dd4be687c
qd49892dc,dd4bb2b58
qd49892dc,dd498655a
qd49892dc,dd4ba90f8
qd49892dc,dd4bc6fe0
qd49892dc,dd4bbb564
qd4982c20,dd4ba203c
qd4982c20,dd4bb66cc
qd4982c20,dd4979b84
qd4982c20,dd4b9445a
qd4982c20,dd4be1aac
qd4982c20,dd4972a1e
qd4982c20,dd4b957d8
qd4982c20,dd4b8d768
qd4982c20,dd4b90814
qd4982c20,dd4bf11a0
qd497bde4,dd497be3e
qd497bde4,dd4bdd6dc
qd497bde4,dd4bd2732
qd497bde4,dd498cefa
qd497bde4,dd4b9ad82
qd497bde4,dd498315c
qd497bde4,dd4977f8c
qd497bde4,dd4bb26d0
qd497bde4,dd4c4a566
qd497bde4,dd4bcb2de
qd498fac4,dd497edaa
qd498fac4,dd4973a2c
qd498fac4,dd4c4b452
qd498fac4,dd4c13e26
qd498fac4,dd4b9cccc
qd498fac4,dd4bc2044
qd498fac4,dd4b96ca0
qd498fac4,dd4bc4eb6
qd498fac4,dd4bfefa8
qd498fac4,dd4ba002a
qd496ee8c,dd4b8eafa
qd496ee8c,dd4bbc5d6
qd496ee8c,dd4b94266
qd496ee8c,dd4be8fc8
qd496ee8c,dd4bca6ea
qd496ee8c,dd4c63b10
qd496ee8c,dd4c39c3e
qd496ee8c,dd497d504
qd496ee8c,dd4c04b4c
qd496ee8c,dd4c1a4c4
qd497dff4,dd4b8ebcc
qd497dff4,dd4ba3e6e
qd497dff4,dd496d938
qd497dff4,dd4ba91e8
qd497dff4,dd4bbb564
qd497dff4,dd4b92f10
qd497dff4,dd4be0b84
qd497dff4,dd4b87a02
qd497dff4,dd4bbb17c
qd497dff4,dd4b912fa
qd4984c28,dd4c42c8a
qd4984c28,dd4c439dc
qd4984c28,dd4c52d60
qd4984c28,dd4c44418
qd4984c28,dd4b8dd76
qd4984c28,dd4c37498
qd4984c28,dd4b97e7a
qd4984c28,dd4ba2c44
qd4984c28,dd4c5923c
qd4984c28,dd4c545b6
qd497e9a4,dd4975d4a
qd497e9a4,dd4c32894
qd497e9a4,dd4985e7a
qd497e9a4,dd4b8c4ee
qd497e9a4,dd4c1bb3a
qd497e9a4,dd4c23b64
qd497e9a4,dd4bc0adc
qd497e9a4,dd4ba898c
qd497e9a4,dd4b889f2
qd497e9a4,dd496f968
qd498ada8,dd497587c
qd498ada8,dd4c580b2
qd498ada8,dd49899f8
qd498ada8,dd4bcdcaa
qd498ada8,dd4bce3c6
qd498ada8,dd4c56e56
qd498ada8,dd4ba122c
qd498ada8,dd4c539b8
qd498ada8,dd4bbad1c
qd498ada8,dd4bec2fe
qd497fd2c,dd4bc67a2
qd497fd2c,dd497fd7c
qd497fd2c,dd4c60bae
qd497fd2c,dd4ba0908
qd497fd2c,dd4c52d60
qd497fd2c,dd4c09a2a
qd497fd2c,dd4ba2c44
qd497fd2c,dd4c439dc
qd497fd2c,dd4975250
qd497fd2c,dd4c558b2
qd4981fc8,dd4bcc45e
qd4981fc8,dd4c1edb2
qd4981fc8,dd4b96e3a
qd4981fc8,dd4bb6d3e
qd4981fc8,dd496cbc8
qd4981fc8,dd4c3be4e
qd4981fc8,dd4ba8f36
qd4981fc8,dd4b91f52
qd4981fc8,dd4ba4152
qd4981fc8,dd4bde6cc
qd497d0f4,dd4bca866
qd497d0f4,dd4c63b10
qd497d0f4,dd4b9b93a
qd497d0f4,dd4c04b4c
qd497d0f4,dd4c0ce78
qd497d0f4,dd4b87912
qd497d0f4,dd4bbc040
qd497d0f4,dd4bce1c8
qd497d0f4,dd4c44418
qd497d0f4,dd4bebe26
qd49858da,dd4c32894
qd49858da,dd497edaa
qd49858da,dd4975d4a
qd49858da,dd4bc0adc
qd49858da,dd4b8c4ee
qd49858da,dd4b9cccc
qd49858da,dd4c13e26
qd49858da,dd4bb3026
qd49858da,dd4bb66cc
qd49858da,dd4be8cbc
qd496c6a0,dd4ba02f0
qd496c6a0,dd4ba07d2
qd496c6a0,dd4b95e86
qd496c6a0,dd4bce6be
qd496c6a0,dd4bb3742
qd496c6a0,dd4bd938e
qd496c6a0,dd4bcf532
qd496c6a0,dd4c64a9c
qd496c6a0,dd4bae31e
qd496c6a0,dd4ba2a5a
qd49800e2,dd4c2403c
qd49800e2,dd4979b84
qd49800e2,dd4b8ef96
qd49800e2,dd4bc8c64
qd49800e2,dd4b957d8
qd49800e2,dd4b90814
qd49800e2,dd4bcbb1c
qd49800e2,dd4bd8b64
qd49800e2,dd4bbb564
qd49800e2,dd4c4f6b0
qd497a4ee,dd4bf89fa
qd497a4ee,dd497edaa
qd497a4ee,dd4976682
qd497a4ee,dd4b88aa6
qd497a4ee,dd4b8c4ee
qd497a4ee,dd4bc2f30
qd497a4ee,dd4ba6b50
qd497a4ee,dd4bfefa8
qd497a4ee,dd4b96ca0
qd497a4ee,dd4c15da2
qd4974878,dd4973c8e
qd4974878,dd4bd3a92
qd4974878,dd4bdc4da
qd4974878,dd4c24b7c
qd4974878,dd4c5141a
qd4974878,dd4c53bca
qd4974878,dd4bb3b48
qd4974878,dd498315c
qd4974878,dd4bdb3be
qd4974878,dd4c58b02
qd497bcc2,dd497bd08
qd497bcc2,dd4b9df82
qd497bcc2,dd4bb1f8c
qd497bcc2,dd496fd78
qd497bcc2,dd4b9c948
qd497bcc2,dd4bfefa8
qd497bcc2,dd497e134
qd497bcc2,dd4c5f498
qd497bcc2,dd4b9445a
qd497bcc2,dd4c35d50
qd498a97a,dd4970944
qd498a97a,dd4bfc5c8
qd498a97a,dd4bb6a78
qd498a97a,dd4bb3742
qd498a97a,dd4b95daa
qd498a97a,dd4bb016e
qd498a97a,dd4bcff28
qd498a97a,dd4b9445a
qd498a97a,dd4be6fe8
qd498a97a,dd4bd7228
qd498c64e,dd4c1cf30
qd498c64e,dd4bb03d0
qd498c64e,dd4c3143a
qd498c64e,dd4c527f2
qd498c64e,dd4b9db40
qd498c64e,dd4bad3ce
qd498c64e,dd4c529be
qd498c64e,dd4bb9458
qd498c64e,dd4bfe0da
qd498c64e,dd4b96f16
qd498d422,dd4c0ce78
qd498d422,dd4bbc040
qd498d422,dd498a524
qd498d422,dd4bd7caa
qd498d422,dd4985452
qd498d422,dd4bb8fa8
qd498d422,dd4c09a2a
qd498d422,dd4b8e8f2
qd498d422,dd4bfd414
qd498d422,dd497848c
qd4979db4,dd4ba3d92
qd4979db4,dd496df64
qd4979db4,dd4bf8c16
qd4979db4,dd4c39c3e
qd4979db4,dd4b94266
qd4979db4,dd4bf0eb2
qd4979db4,dd4be2862
qd4979db4,dd4b9b5ac
qd4979db4,dd4bebe26
qd4979db4,dd4bf3ee6
qd4974d64,dd496f968
qd4974d64,dd4bbbab4
qd4974d64,dd4c60bae
qd4974d64,dd4ba0908
qd4974d64,dd4bc36b0
qd4974d64,dd4c229ee
qd4974d64,dd4baf534
qd4974d64,dd4ba898c
qd4974d64,dd4c2403c
qd4974d64,dd4bbb564
qd4986b4a,dd4bb5c2c
qd4986b4a,dd4c22fb6
qd4986b4a,dd4c1e8a8
qd4986b4a,dd4bda02c
qd4986b4a,dd4ba043a
qd4986b4a,dd4bcfc62
qd4986b4a,dd4b95e86
qd4986b4a,dd4bc2e5e
qd4986b4a,dd4c01ae6
qd4986b4a,dd4ba02f0
qd497f818,dd4c4e0f8
qd497f818,dd4b974d4
qd497f818,dd4c4bdc6
qd497f818,dd4c00dee
qd497f818,dd497e760
qd497f818,dd4c01ae6
qd497f818,dd4c4bc68
qd497f818,dd497a3f4
qd497f818,dd4b95cc4
qd497f818,dd4b9e324
qd497b3d0,dd4c326a0
qd497b3d0,dd49753cc
qd497b3d0,dd4bcb00e
qd497b3d0,dd4baaef8
qd497b3d0,dd4b895c8
qd497b3d0,dd4c1fdac
qd497b3d0,dd4bf4666
qd497b3d0,dd4c2a8b0
qd497b3d0,dd4c34dec
qd497b3d0,dd4bdc4da
qd498150a,dd4c4ba38
qd498150a,dd4b99bf8
qd498150a,dd49759bc
qd498150a,dd4c12896
qd498150a,dd4b8aa86
qd498150a,dd4bb7450
qd498150a,dd4b90bb6
qd498150a,dd4b9ef54
qd498150a,dd498cefa
qd498150a,dd4c1f514
qd497e724,dd4be7d3a
qd497e724,dd4c5a20e
qd497e724,dd4c42172
qd497e724,dd4b90814
qd497e724,dd4b9fe5e
qd497e724,dd4b8b03a
qd497e724,dd497e760
qd497e724,dd4bb3742
qd497e724,dd4c4f6b0
qd497e724,dd4c63f0c
qd497325c,dd49732c0
qd497325c,dd4c4f5de
qd497325c,dd4c5f09c
qd497325c,dd4bc8b4c
qd497325c,dd4c47e6a
qd497325c,dd4989e76
qd497325c,dd4b94ed2
qd497325c,dd4c0dc24
qd497325c,dd4c3d690
qd497325c,dd4ba327a
qd498ec5a,dd4c4e0f8
qd498ec5a,dd4b974d4
qd498ec5a,dd4bc729c
qd498ec5a,dd4b954d6
qd498ec5a,dd4b97ab0
qd498ec5a,dd4b994c8
qd498ec5a,dd4987a22
qd498ec5a,dd4c1f226
qd498ec5a,dd497314e
qd498ec5a,dd4c46150
qd497ce92,dd4c1fcb2
qd497ce92,dd4970d36
qd497ce92,dd4bc5e74
qd497ce92,dd4bb51aa
qd497ce92,dd4c5081c
qd497ce92,dd4c5d6ca
qd497ce92,dd4bdb968
qd497ce92,dd4bfa78c
qd497ce92,dd4c0518c
qd497ce92,dd4bbec82
qd4975110,dd4bf8c16
qd4975110,dd4c0831e
qd4975110,dd4bc0adc
qd4975110,dd4c32894
qd4975110,dd4972a1e
qd4975110,dd4bd3a92
qd4975110,dd4975e94
qd4975110,dd4baa73c
qd4975110,dd4b9beda
qd4975110,dd4ba534a
qd49799ea,dd4979a3a
qd49799ea,dd4c09098
qd49799ea,dd4c1141e
qd49799ea,dd4beb840
qd49799ea,dd4b995e0
qd49799ea,dd4b94720
qd49799ea,dd4b915f2
qd49799ea,dd4b900b2
qd49799ea,dd4b9f4ea
qd49799ea,dd4b9698a
qd4970034,dd4c25cf2
qd4970034,dd4ba302c
qd4970034,dd4c1bfb8
qd4970034,dd4bc7a6c
qd4970034,dd4be9ad6
qd4970034,dd4ba4e36
qd4970034,dd4b9cec0
qd4970034,dd4b9b93a
qd4970034,dd49781f8
qd4970034,dd4b8eafa
qd498dbb6,dd4ba534a
qd498dbb6,dd4bbc31a
qd498dbb6,dd4b8d254
qd498dbb6,dd4ba90f8
qd498dbb6,dd498655a
qd498dbb6,dd4b8df74
qd498dbb6,dd4ba9d28
qd498dbb6,dd4bf30e0
qd498dbb6,dd4bb1e4c
qd498dbb6,dd4bc6fe0
qd498e7a0,dd4c49468
qd498e7a0,dd497314e
qd498e7a0,dd4b994c8
qd498e7a0,dd4c17756
qd498e7a0,dd4ba8662
qd498e7a0,dd4be27ae
qd498e7a0,dd4bca6ea
qd498e7a0,dd4c58382
qd498e7a0,dd4c09a2a
qd498e7a0,dd4b8f324
qd4970606,dd4970642
qd4970606,dd4bbdb16
qd4970606,dd4bc82c8
qd4970606,dd4bddb28
qd4970606,dd4bdc4da
qd4970606,dd4b902a6
qd4970606,dd4bea4b8
qd4970606,dd4bb50d8
qd4970606,dd4b8dd76
qd4970606,dd4c52d60
qd4981a46,dd496f2ec
qd4981a46,dd4985e7a
qd4981a46,dd4bc36b0
qd4981a46,dd4c544d0
qd4981a46,dd4bc9a9c
qd4981a46,dd4c195b0
qd4981a46,dd4c1201c
qd4981a46,dd4ba48a0
qd4981a46,dd4c4643e
qd4981a46,dd4984962
qd498ff92,dd4ba91e8
qd498ff92,dd4b912fa
qd498ff92,dd496d938
qd498ff92,dd4bbb17c
qd498ff92,dd4ba3e6e
qd498ff92,dd49818fc
qd498ff92,dd4b87a02
qd498ff92,dd4b92f10
qd498ff92,dd4b93d66
qd498ff92,dd4bad842
qd497cd70,dd4b94ed2
qd497cd70,dd4b8e2a8
qd497cd70,dd4bb5d12
qd497cd70,dd4ba75b4
qd497cd70,dd4c0781a
qd497cd70,dd497cdca
qd497cd70,dd497ad9a
qd497cd70,dd4c66176
qd497cd70,dd4c1bfb8
qd497cd70,dd4bbf27c
qd4973afe,dd497354a
qd4973afe,dd4bcd94e
qd4973afe,dd4be1b9c
qd4973afe,dd4bea9d6
qd4973afe,dd4bbd8a0
qd4973afe,dd4c53260
qd4973afe,dd4beac7e
qd4973afe,dd4c1e0e2
qd4973afe,dd4bf91ac
qd4973afe,dd4c55484
qd497ba9c,dd4c38834
qd497ba9c,dd497bae2
qd497ba9c,dd4b8b3f0
qd497ba9c,dd4bae42c
qd497ba9c,dd4bc5dac
qd497ba9c,dd4989e76
qd497ba9c,dd4b8d65a
qd497ba9c,dd4bdac8e
qd497ba9c,dd4c002fe
qd497ba9c,dd4c4d824
qd4989174,dd49891e2
qd4989174,dd4c41a88
qd4989174,dd4c4ed78
qd4989174,dd4bddb28
qd4989174,dd4c558b2
qd4989174,dd497a3f4
qd4989174,dd4c5fd4e
qd4989174,dd4bc7eb8
qd4989174,dd4bf1cfe
qd4989174,dd4c24e1a
qd497857c,dd4c4ed78
qd497857c,dd4b994c8
qd497857c,dd4c282fe
qd497857c,dd4b92a2e
qd497857c,dd4c16644
qd497857c,dd4b90684
qd497857c,dd4ba302c
qd497857c,dd496daaa
qd497857c,dd4bd0d60
qd497857c,dd4b9c948
qd4987540,dd4bc7b52
qd4987540,dd496fc06
qd4987540,dd4b8f518
qd4987540,dd4976a9c
qd4987540,dd4c4ee72
qd4987540,dd4bc7c60
qd4987540,dd4b8c7be
qd4987540,dd496d5d2
qd4987540,dd4b8de70
qd4987540,dd4bd4820
qd4984e8a,dd4970f84
qd4984e8a,dd4bddb28
qd4984e8a,dd497a67e
qd4984e8a,dd4c4e9fe
qd4984e8a,dd4bb655a
qd4984e8a,dd4c2bb20
qd4984e8a,dd4c5fd4e
qd4984e8a,dd4c3d78a
qd4984e8a,dd4b8f324
qd4984e8a,dd4bc82c8
qd498bf64,dd497e4cc
qd498bf64,dd4c09a2a
qd498bf64,dd4bfd414
qd498bf64,dd4c0ce78
qd498bf64,dd4be27ae
qd498bf64,dd4bb8fa8
qd498bf64,dd4bbc040
qd498bf64,dd4bc54e2
qd498bf64,dd498a524
qd498bf64,dd4bd7caa
qd497ffde,dd4bcff28
qd497ffde,dd4b9af30
qd497ffde,dd4bbb370
qd497ffde,dd4becf7e
qd497ffde,dd4c4c0f0
qd497ffde,dd4ba057a
qd497ffde,dd4c57766
qd497ffde,dd497a796
qd497ffde,dd4b9fe5e
qd497ffde,dd4baca00
qd49818ac,dd4ba91e8
qd49818ac,dd4b912fa
qd49818ac,dd4bbb17c
qd49818ac,dd496d938
qd49818ac,dd4ba3e6e
qd49818ac,dd49818fc
qd49818ac,dd4b92f10
qd49818ac,dd4b93d66
qd49818ac,dd4be0b84
qd49818ac,dd4b87a02
qd498e9f8,dd4bc7c60
qd498e9f8,dd4976a9c
qd498e9f8,dd4c4ee72
qd498e9f8,dd4bc7b52
qd498e9f8,dd496fc06
qd498e9f8,dd4b8f518
qd498e9f8,dd496d5d2
qd498e9f8,dd4b8c7be
qd498e9f8,dd4bd4820
qd498e9f8,dd4c5eaa2
qd49805a6,dd4ba3d92
qd49805a6,dd496df64
qd49805a6,dd4c39c3e
qd49805a6,dd4bf8c16
qd49805a6,dd4b94266
qd49805a6,dd4be8fc8
qd49805a6,dd4bebe26
qd49805a6,dd4bbc5d6
qd49805a6,dd4c1a4c4
qd49805a6,dd4c04b4c
qd497977e,dd49797ec
qd497977e,dd4b8af54
qd497977e,dd4bb3648
qd497977e,dd4c24b7c
qd497977e,dd4bdc4da
qd497977e,dd4b9af30
qd497977e,dd4c4c0f0
qd497977e,dd4b87e12
qd497977e,dd4bc82c8
qd497977e,dd4b8b4d6
qd49789be,dd4c13e26
qd49789be,dd4bc2f30
qd49789be,dd4b88aa6
qd49789be,dd4976682
qd49789be,dd4bc83ae
qd49789be,dd4bace88
qd49789be,dd4bd9d20
qd49789be,dd4bf89fa
qd49789be,dd4985e7a
qd49789be,dd4b91b88
qd4982f22,dd497d298
qd4982f22,dd4bcdaf2
qd4982f22,dd4c453ae
qd4982f22,dd4bf8928
qd4982f22,dd4b9f292
qd4982f22,dd498af42
qd4982f22,dd4bde83e
qd4982f22,dd4bb8436
qd4982f22,dd4c4b6be
qd4982f22,dd4bd7926
qd4989f8e,dd4c0ce78
qd4989f8e,dd4bde6cc
qd4989f8e,dd4bbc040
qd4989f8e,dd4c09a2a
qd4989f8e,dd4bdb968
qd4989f8e,dd4bd002c
qd4989f8e,dd4c13c64
qd4989f8e,dd4c04688
qd4989f8e,dd4c63b10
qd4989f8e,dd4bdf95a
qd496ce3e,dd496ce98
qd496ce3e,dd4970e26
qd496ce3e,dd4c1311a
qd496ce3e,dd4bee25c
qd496ce3e,dd4bcb0cc
qd496ce3e,dd4c558b2
qd496ce3e,dd4bf1cfe
qd496ce3e,dd4c5699c
qd496ce3e,dd4c5fd4e
qd496ce3e,dd497fb38
qd498d4f4,dd4bdf86a
qd498d4f4,dd4981082
qd498d4f4,dd4ba1308
qd498d4f4,dd4c4befc
qd498d4f4,dd497de0a
qd498d4f4,dd4c277dc
qd498d4f4,dd4bdddee
qd498d4f4,dd496ebc6
qd498d4f4,dd4bbb096
qd498d4f4,dd4c0ee44
qd4978842,dd4978892
qd4978842,dd4bd103a
qd4978842,dd4bb7a0e
qd4978842,dd4bcd6a6
qd4978842,dd4bcd4da
qd4978842,dd4be9d60
qd4978842,dd4bba4f2
qd4978842,dd4bcb0cc
qd4978842,dd498cefa
qd4978842,dd4c0eb56
qd4975386,dd49753cc
qd4975386,dd4b8c110
qd4975386,dd4c326a0
qd4975386,dd4c57766
qd4975386,dd4bb44b2
qd4975386,dd4bbfb96
qd4975386,dd4c4d248
qd4975386,dd4bd2e3a
qd4975386,dd4ba4ad0
qd4975386,dd4b87fde
qd4970a48,dd4b9cde4
qd4970a48,dd4ba043a
qd4970a48,dd4bf3fd6
qd4970a48,dd4c20c52
qd4970a48,dd4c65c30
qd4970a48,dd4bdc084
qd4970a48,dd4c5ddfa
qd4970a48,dd4c1ca1c
qd4970a48,dd4bf189e
qd4970a48,dd4c5304e
qd4978716,dd4c4e0f8
qd4978716,dd4b8dd76
qd4978716,dd4b97ab0
qd4978716,dd4c00dee
qd4978716,dd4c56e56
qd4978716,dd4c439dc
qd4978716,dd4c52d60
qd4978716,dd4c47582
qd4978716,dd4c282fe
qd4978716,dd4bcdaf2
qd497942c,dd4bfefa8
qd497942c,dd4bc2f30
qd497942c,dd4ba002a
qd497942c,dd4c1e0e2
qd497942c,dd4b88aa6
qd497942c,dd4b8c4ee
qd497942c,dd4c2dccc
qd497942c,dd4b9cccc
qd497942c,dd4985e7a
qd497942c,dd4975d4a
qd4977596,dd49775fa
qd4977596,dd4bd4532
qd4977596,dd497b06a
qd4977596,dd4c62fb2
qd4977596,dd4c091f6
qd4977596,dd4c5093e
qd4977596,dd4982f7c
qd4977596,dd4c49d50
qd4977596,dd497edaa
qd4977596,dd4c2dccc
qd4979030,dd4c57b08
qd4979030,dd4c002fe
qd4979030,dd4989e76
qd4979030,dd4bd2e3a
qd4979030,dd4c47e6a
qd4979030,dd4bacbf4
qd4979030,dd4b8e64a
qd4979030,dd4b89eec
qd4979030,dd4bba6b4
qd4979030,dd4c32a74
qd498da94,dd4b92614
qd498da94,dd4bdd6dc
qd498da94,dd4be6340
qd498da94,dd4b9cec0
qd498da94,dd4c4e788
qd498da94,dd4bbd5e4
qd498da94,dd4bd2732
qd498da94,dd4b87796
qd498da94,dd4bb7a0e
qd498da94,dd4bfc5c8
qd49742ec,dd496daaa
qd49742ec,dd4c16450
qd49742ec,dd4b994c8
qd49742ec,dd4c4ed78
qd49742ec,dd4ba302c
qd49742ec,dd4974328
qd49742ec,dd4c248b6
qd49742ec,dd4bf094e
qd49742ec,dd4b9c02e
qd49742ec,dd4b9c790
qd4987eb4,dd4987f04
qd4987eb4,dd4c44418
qd4987eb4,dd4ba3f54
qd4987eb4,dd4bd18a0
qd4987eb4,dd4bb4796
qd4987eb4,dd4c5029a
qd4987eb4,dd4ba4e36
qd4987eb4,dd4c5923c
qd4987eb4,dd4bb04e8
qd4987eb4,dd4ba2c44
qd4973676,dd49736c6
qd4973676,dd4b87b10
qd4973676,dd4c51b22
qd4973676,dd4ba3590
qd4973676,dd4b9e7a2
qd4973676,dd4bbae02
qd4973676,dd4c065fa
qd4973676,dd4b8c6e2
qd4973676,dd4bd938e
qd4973676,dd4c5304e
qd4989c8c,dd4bb5c2c
qd4989c8c,dd4c22fb6
qd4989c8c,dd4bda02c
qd4989c8c,dd4ba043a
qd4989c8c,dd4c1e8a8
qd4989c8c,dd4bee4e6
qd4989c8c,dd4be7d3a
qd4989c8c,dd4c4c53c
qd4989c8c,dd4bcfc62
qd4989c8c,dd4c01ae6
qd49873e2,dd4987432
qd49873e2,dd4b9b93a
qd49873e2,dd498e070
qd49873e2,dd4c42c8a
qd49873e2,dd4b8c25a
qd49873e2,dd4ba302c
qd49873e2,dd4c439dc
qd49873e2,dd4bb1d3e
qd49873e2,dd4c2fdd8
qd49873e2,dd4ba8c48
qd49751f6,dd4975250
qd49751f6,dd4bb930e
qd49751f6,dd4b8c6e2
qd49751f6,dd4c0f18c
qd49751f6,dd4bd6166
qd49751f6,dd4c5923c
qd49751f6,dd4b9da64
qd49751f6,dd4b8e4d8
qd49751f6,dd4bb123a
qd49751f6,dd4c2e334
qd497ab06,dd497ab7e
qd497ab06,dd4b9cccc
qd497ab06,dd4bc83ae
qd497ab06,dd4bfefa8
qd497ab06,dd4bcc92c
qd497ab06,dd4c07ed2
qd497ab06,dd4bb32d8
qd497ab06,dd4c13e26
qd497ab06,dd4bcca62
qd497ab06,dd4bf89fa
qd49741b6,dd4bb3ea4
qd49741b6,dd497314e
qd49741b6,dd49741fc
qd49741b6,dd4b8f324
qd49741b6,dd4b994c8
qd49741b6,dd4b93a82
qd49741b6,dd4bc9f60
qd49741b6,dd4bb3512
qd49741b6,dd4b901ac
qd49741b6,dd496daaa
qd498d0f8,dd4c38834
qd498d0f8,dd497bae2
qd498d0f8,dd4bdddee
qd498d0f8,dd4981082
qd498d0f8,dd4b9452c
qd498d0f8,dd4bae42c
qd498d0f8,dd4c1f924
qd498d0f8,dd4c4b81c
qd498d0f8,dd496ebc6
qd498d0f8,dd4be5256
qd497c816,dd4bca866
qd497c816,dd4b87912
qd497c816,dd4c0ce78
qd497c816,dd4c63b10
qd497c816,dd4c04b4c
qd497c816,dd4bbc040
qd497c816,dd4b8e046
qd497c816,dd4c282fe
qd497c816,dd4bce1c8
qd497c816,dd4c58382
qd4988ecc,dd4bc83ae
qd4988ecc,dd4b91b88
qd4988ecc,dd4b8f324
qd4988ecc,dd4bbce6e
qd4988ecc,dd4c515dc
qd4988ecc,dd4be623c
qd4988ecc,dd4c49468
qd4988ecc,dd4ba8662
qd4988ecc,dd4c282fe
qd4988ecc,dd4c17a26
qd4982266,dd4c2afae
qd4982266,dd49822ca
qd4982266,dd4b95cc4
qd4982266,dd4be5b20
qd4982266,dd4bcdaf2
qd4982266,dd4b917dc
qd4982266,dd496ca2e
qd4982266,dd4c4c726
qd4982266,dd4c37dd0
qd4982266,dd4975e94
qd4985e34,dd4975d4a
qd4985e34,dd4be8cbc
qd4985e34,dd4b9cccc
qd4985e34,dd4bc0adc
qd4985e34,dd4c1201c
qd4985e34,dd4bfefa8
qd4985e34,dd4c32894
qd4985e34,dd4b96ca0
qd4985e34,dd4b9bda4
qd4985e34,dd4c07ed2
qd4989714,dd4bdb65c
qd4989714,dd4ba4e36
qd4989714,dd4974328
qd4989714,dd4ba4fb2
qd4989714,dd4bbc040
qd4989714,dd4bf6a7e
qd4989714,dd4c248b6
qd4989714,dd4bd74e4
qd4989714,dd4c44418
qd4989714,dd4ba940e
